Input1,Input2,Input3,Input4,Input5,Input6,Input7,Input8,Input9,Input10,Input11,Output,Real_Output
0,0,0,0,0,0,0,0,0,0,0,0,0
0,0,0,0,0,0,0,0,0,0,1,1,0.5
0,0,0,0,0,0,0,0,0,1,0,1,0.5
0,0,0,0,0,0,0,0,0,1,1,0,0.25
0,0,0,0,0,0,0,0,1,0,0,1,0.5
0,0,0,0,0,0,0,0,1,0,1,0,0.25
0,0,0,0,0,0,0,0,1,1,0,0,0.25
0,0,0,0,0,0,0,0,1,1,1,1,0.5
0,0,0,0,0,0,0,1,0,0,0,1,0.5
0,0,0,0,0,0,0,1,0,0,1,0,0.25
0,0,0,0,0,0,0,1,0,1,0,0,0.25
0,0,0,0,0,0,0,1,0,1,1,1,0.5
0,0,0,0,0,0,0,1,1,0,0,0,0.25
0,0,0,0,0,0,0,1,1,0,1,1,0.5
0,0,0,0,0,0,0,1,1,1,0,1,0.5
0,0,0,0,0,0,0,1,1,1,1,0,0.3125
0,0,0,0,0,0,1,0,0,0,0,1,0.5
0,0,0,0,0,0,1,0,0,0,1,0,0.25
0,0,0,0,0,0,1,0,0,1,0,0,0.25
0,0,0,0,0,0,1,0,0,1,1,1,0.5
0,0,0,0,0,0,1,0,1,0,0,0,0.25
0,0,0,0,0,0,1,0,1,0,1,1,0.5
0,0,0,0,0,0,1,0,1,1,0,1,0.5
0,0,0,0,0,0,1,0,1,1,1,0,0.3125
0,0,0,0,0,0,1,1,0,0,0,0,0.25
0,0,0,0,0,0,1,1,0,0,1,1,0.5
0,0,0,0,0,0,1,1,0,1,0,1,0.5
0,0,0,0,0,0,1,1,0,1,1,0,0.3125
0,0,0,0,0,0,1,1,1,0,0,1,0.5
0,0,0,0,0,0,1,1,1,0,1,0,0.3125
0,0,0,0,0,0,1,1,1,1,0,0,0.3125
0,0,0,0,0,0,1,1,1,1,1,1,0.5
0,0,0,0,0,1,0,0,0,0,0,1,0.5
0,0,0,0,0,1,0,0,0,0,1,0,0.25
0,0,0,0,0,1,0,0,0,1,0,0,0.25
0,0,0,0,0,1,0,0,0,1,1,1,0.5
0,0,0,0,0,1,0,0,1,0,0,0,0.25
0,0,0,0,0,1,0,0,1,0,1,1,0.5
0,0,0,0,0,1,0,0,1,1,0,1,0.5
0,0,0,0,0,1,0,0,1,1,1,0,0.3125
0,0,0,0,0,1,0,1,0,0,0,0,0.25
0,0,0,0,0,1,0,1,0,0,1,1,0.5
0,0,0,0,0,1,0,1,0,1,0,1,0.5
0,0,0,0,0,1,0,1,0,1,1,0,0.3125
0,0,0,0,0,1,0,1,1,0,0,1,0.5
0,0,0,0,0,1,0,1,1,0,1,0,0.3125
0,0,0,0,0,1,0,1,1,1,0,0,0.3125
0,0,0,0,0,1,0,1,1,1,1,1,0.5
0,0,0,0,0,1,1,0,0,0,0,0,0.25
0,0,0,0,0,1,1,0,0,0,1,1,0.5
0,0,0,0,0,1,1,0,0,1,0,1,0.5
0,0,0,0,0,1,1,0,0,1,1,0,0.3125
0,0,0,0,0,1,1,0,1,0,0,1,0.5
0,0,0,0,0,1,1,0,1,0,1,0,0.3125
0,0,0,0,0,1,1,0,1,1,0,0,0.3125
0,0,0,0,0,1,1,0,1,1,1,1,0.5
0,0,0,0,0,1,1,1,0,0,0,1,0.5
0,0,0,0,0,1,1,1,0,0,1,0,0.3125
0,0,0,0,0,1,1,1,0,1,0,0,0.3125
0,0,0,0,0,1,1,1,0,1,1,1,0.5
0,0,0,0,0,1,1,1,1,0,0,0,0.3125
0,0,0,0,0,1,1,1,1,0,1,1,0.5
0,0,0,0,0,1,1,1,1,1,0,1,0.5
0,0,0,0,0,1,1,1,1,1,1,0,0.34375
0,0,0,0,1,0,0,0,0,0,0,1,0.5
0,0,0,0,1,0,0,0,0,0,1,0,0.25
0,0,0,0,1,0,0,0,0,1,0,0,0.25
0,0,0,0,1,0,0,0,0,1,1,1,0.5
0,0,0,0,1,0,0,0,1,0,0,0,0.25
0,0,0,0,1,0,0,0,1,0,1,1,0.5
0,0,0,0,1,0,0,0,1,1,0,1,0.5
0,0,0,0,1,0,0,0,1,1,1,0,0.3125
0,0,0,0,1,0,0,1,0,0,0,0,0.25
0,0,0,0,1,0,0,1,0,0,1,1,0.5
0,0,0,0,1,0,0,1,0,1,0,1,0.5
0,0,0,0,1,0,0,1,0,1,1,0,0.3125
0,0,0,0,1,0,0,1,1,0,0,1,0.5
0,0,0,0,1,0,0,1,1,0,1,0,0.3125
0,0,0,0,1,0,0,1,1,1,0,0,0.3125
0,0,0,0,1,0,0,1,1,1,1,1,0.5
0,0,0,0,1,0,1,0,0,0,0,0,0.25
0,0,0,0,1,0,1,0,0,0,1,1,0.5
0,0,0,0,1,0,1,0,0,1,0,1,0.5
0,0,0,0,1,0,1,0,0,1,1,0,0.3125
0,0,0,0,1,0,1,0,1,0,0,1,0.5
0,0,0,0,1,0,1,0,1,0,1,0,0.3125
0,0,0,0,1,0,1,0,1,1,0,0,0.3125
0,0,0,0,1,0,1,0,1,1,1,1,0.5
0,0,0,0,1,0,1,1,0,0,0,1,0.5
0,0,0,0,1,0,1,1,0,0,1,0,0.3125
0,0,0,0,1,0,1,1,0,1,0,0,0.3125
0,0,0,0,1,0,1,1,0,1,1,1,0.5
0,0,0,0,1,0,1,1,1,0,0,0,0.3125
0,0,0,0,1,0,1,1,1,0,1,1,0.5
0,0,0,0,1,0,1,1,1,1,0,1,0.5
0,0,0,0,1,0,1,1,1,1,1,0,0.34375
0,0,0,0,1,1,0,0,0,0,0,0,0.25
0,0,0,0,1,1,0,0,0,0,1,1,0.5
0,0,0,0,1,1,0,0,0,1,0,1,0.5
0,0,0,0,1,1,0,0,0,1,1,0,0.3125
0,0,0,0,1,1,0,0,1,0,0,1,0.5
0,0,0,0,1,1,0,0,1,0,1,0,0.3125
0,0,0,0,1,1,0,0,1,1,0,0,0.3125
0,0,0,0,1,1,0,0,1,1,1,1,0.5
0,0,0,0,1,1,0,1,0,0,0,1,0.5
0,0,0,0,1,1,0,1,0,0,1,0,0.3125
0,0,0,0,1,1,0,1,0,1,0,0,0.3125
0,0,0,0,1,1,0,1,0,1,1,1,0.5
0,0,0,0,1,1,0,1,1,0,0,0,0.3125
0,0,0,0,1,1,0,1,1,0,1,1,0.5
0,0,0,0,1,1,0,1,1,1,0,1,0.5
0,0,0,0,1,1,0,1,1,1,1,0,0.34375
0,0,0,0,1,1,1,0,0,0,0,1,0.5
0,0,0,0,1,1,1,0,0,0,1,0,0.3125
0,0,0,0,1,1,1,0,0,1,0,0,0.3125
0,0,0,0,1,1,1,0,0,1,1,1,0.5
0,0,0,0,1,1,1,0,1,0,0,0,0.3125
0,0,0,0,1,1,1,0,1,0,1,1,0.5
0,0,0,0,1,1,1,0,1,1,0,1,0.5
0,0,0,0,1,1,1,0,1,1,1,0,0.34375
0,0,0,0,1,1,1,1,0,0,0,0,0.3125
0,0,0,0,1,1,1,1,0,0,1,1,0.5
0,0,0,0,1,1,1,1,0,1,0,1,0.5
0,0,0,0,1,1,1,1,0,1,1,0,0.34375
0,0,0,0,1,1,1,1,1,0,0,1,0.5
0,0,0,0,1,1,1,1,1,0,1,0,0.34375
0,0,0,0,1,1,1,1,1,1,0,0,0.34375
0,0,0,0,1,1,1,1,1,1,1,1,0.5
0,0,0,1,0,0,0,0,0,0,0,1,0.5
0,0,0,1,0,0,0,0,0,0,1,0,0.25
0,0,0,1,0,0,0,0,0,1,0,0,0.25
0,0,0,1,0,0,0,0,0,1,1,1,0.5
0,0,0,1,0,0,0,0,1,0,0,0,0.25
0,0,0,1,0,0,0,0,1,0,1,1,0.5
0,0,0,1,0,0,0,0,1,1,0,1,0.5
0,0,0,1,0,0,0,0,1,1,1,0,0.3125
0,0,0,1,0,0,0,1,0,0,0,0,0.25
0,0,0,1,0,0,0,1,0,0,1,1,0.5
0,0,0,1,0,0,0,1,0,1,0,1,0.5
0,0,0,1,0,0,0,1,0,1,1,0,0.3125
0,0,0,1,0,0,0,1,1,0,0,1,0.5
0,0,0,1,0,0,0,1,1,0,1,0,0.3125
0,0,0,1,0,0,0,1,1,1,0,0,0.3125
0,0,0,1,0,0,0,1,1,1,1,1,0.5
0,0,0,1,0,0,1,0,0,0,0,0,0.25
0,0,0,1,0,0,1,0,0,0,1,1,0.5
0,0,0,1,0,0,1,0,0,1,0,1,0.5
0,0,0,1,0,0,1,0,0,1,1,0,0.3125
0,0,0,1,0,0,1,0,1,0,0,1,0.5
0,0,0,1,0,0,1,0,1,0,1,0,0.3125
0,0,0,1,0,0,1,0,1,1,0,0,0.3125
0,0,0,1,0,0,1,0,1,1,1,1,0.5
0,0,0,1,0,0,1,1,0,0,0,1,0.5
0,0,0,1,0,0,1,1,0,0,1,0,0.3125
0,0,0,1,0,0,1,1,0,1,0,0,0.3125
0,0,0,1,0,0,1,1,0,1,1,1,0.5
0,0,0,1,0,0,1,1,1,0,0,0,0.3125
0,0,0,1,0,0,1,1,1,0,1,1,0.5
0,0,0,1,0,0,1,1,1,1,0,1,0.5
0,0,0,1,0,0,1,1,1,1,1,0,0.34375
0,0,0,1,0,1,0,0,0,0,0,0,0.25
0,0,0,1,0,1,0,0,0,0,1,1,0.5
0,0,0,1,0,1,0,0,0,1,0,1,0.5
0,0,0,1,0,1,0,0,0,1,1,0,0.3125
0,0,0,1,0,1,0,0,1,0,0,1,0.5
0,0,0,1,0,1,0,0,1,0,1,0,0.3125
0,0,0,1,0,1,0,0,1,1,0,0,0.3125
0,0,0,1,0,1,0,0,1,1,1,1,0.5
0,0,0,1,0,1,0,1,0,0,0,1,0.5
0,0,0,1,0,1,0,1,0,0,1,0,0.3125
0,0,0,1,0,1,0,1,0,1,0,0,0.3125
0,0,0,1,0,1,0,1,0,1,1,1,0.5
0,0,0,1,0,1,0,1,1,0,0,0,0.3125
0,0,0,1,0,1,0,1,1,0,1,1,0.5
0,0,0,1,0,1,0,1,1,1,0,1,0.5
0,0,0,1,0,1,0,1,1,1,1,0,0.34375
0,0,0,1,0,1,1,0,0,0,0,1,0.5
0,0,0,1,0,1,1,0,0,0,1,0,0.3125
0,0,0,1,0,1,1,0,0,1,0,0,0.3125
0,0,0,1,0,1,1,0,0,1,1,1,0.5
0,0,0,1,0,1,1,0,1,0,0,0,0.3125
0,0,0,1,0,1,1,0,1,0,1,1,0.5
0,0,0,1,0,1,1,0,1,1,0,1,0.5
0,0,0,1,0,1,1,0,1,1,1,0,0.34375
0,0,0,1,0,1,1,1,0,0,0,0,0.3125
0,0,0,1,0,1,1,1,0,0,1,1,0.5
0,0,0,1,0,1,1,1,0,1,0,1,0.5
0,0,0,1,0,1,1,1,0,1,1,0,0.34375
0,0,0,1,0,1,1,1,1,0,0,1,0.5
0,0,0,1,0,1,1,1,1,0,1,0,0.34375
0,0,0,1,0,1,1,1,1,1,0,0,0.34375
0,0,0,1,0,1,1,1,1,1,1,1,0.5
0,0,0,1,1,0,0,0,0,0,0,0,0.25
0,0,0,1,1,0,0,0,0,0,1,1,0.5
0,0,0,1,1,0,0,0,0,1,0,1,0.5
0,0,0,1,1,0,0,0,0,1,1,0,0.3125
0,0,0,1,1,0,0,0,1,0,0,1,0.5
0,0,0,1,1,0,0,0,1,0,1,0,0.3125
0,0,0,1,1,0,0,0,1,1,0,0,0.3125
0,0,0,1,1,0,0,0,1,1,1,1,0.5
0,0,0,1,1,0,0,1,0,0,0,1,0.5
0,0,0,1,1,0,0,1,0,0,1,0,0.3125
0,0,0,1,1,0,0,1,0,1,0,0,0.3125
0,0,0,1,1,0,0,1,0,1,1,1,0.5
0,0,0,1,1,0,0,1,1,0,0,0,0.3125
0,0,0,1,1,0,0,1,1,0,1,1,0.5
0,0,0,1,1,0,0,1,1,1,0,1,0.5
0,0,0,1,1,0,0,1,1,1,1,0,0.34375
0,0,0,1,1,0,1,0,0,0,0,1,0.5
0,0,0,1,1,0,1,0,0,0,1,0,0.3125
0,0,0,1,1,0,1,0,0,1,0,0,0.3125
0,0,0,1,1,0,1,0,0,1,1,1,0.5
0,0,0,1,1,0,1,0,1,0,0,0,0.3125
0,0,0,1,1,0,1,0,1,0,1,1,0.5
0,0,0,1,1,0,1,0,1,1,0,1,0.5
0,0,0,1,1,0,1,0,1,1,1,0,0.34375
0,0,0,1,1,0,1,1,0,0,0,0,0.3125
0,0,0,1,1,0,1,1,0,0,1,1,0.5
0,0,0,1,1,0,1,1,0,1,0,1,0.5
0,0,0,1,1,0,1,1,0,1,1,0,0.34375
0,0,0,1,1,0,1,1,1,0,0,1,0.5
0,0,0,1,1,0,1,1,1,0,1,0,0.34375
0,0,0,1,1,0,1,1,1,1,0,0,0.34375
0,0,0,1,1,0,1,1,1,1,1,1,0.5
0,0,0,1,1,1,0,0,0,0,0,1,0.5
0,0,0,1,1,1,0,0,0,0,1,0,0.3125
0,0,0,1,1,1,0,0,0,1,0,0,0.3125
0,0,0,1,1,1,0,0,0,1,1,1,0.5
0,0,0,1,1,1,0,0,1,0,0,0,0.3125
0,0,0,1,1,1,0,0,1,0,1,1,0.5
0,0,0,1,1,1,0,0,1,1,0,1,0.5
0,0,0,1,1,1,0,0,1,1,1,0,0.34375
0,0,0,1,1,1,0,1,0,0,0,0,0.3125
0,0,0,1,1,1,0,1,0,0,1,1,0.5
0,0,0,1,1,1,0,1,0,1,0,1,0.5
0,0,0,1,1,1,0,1,0,1,1,0,0.34375
0,0,0,1,1,1,0,1,1,0,0,1,0.5
0,0,0,1,1,1,0,1,1,0,1,0,0.34375
0,0,0,1,1,1,0,1,1,1,0,0,0.34375
0,0,0,1,1,1,0,1,1,1,1,1,0.5
0,0,0,1,1,1,1,0,0,0,0,0,0.3125
0,0,0,1,1,1,1,0,0,0,1,1,0.5
0,0,0,1,1,1,1,0,0,1,0,1,0.5
0,0,0,1,1,1,1,0,0,1,1,0,0.34375
0,0,0,1,1,1,1,0,1,0,0,1,0.5
0,0,0,1,1,1,1,0,1,0,1,0,0.34375
0,0,0,1,1,1,1,0,1,1,0,0,0.34375
0,0,0,1,1,1,1,0,1,1,1,1,0.5
0,0,0,1,1,1,1,1,0,0,0,1,0.5
0,0,0,1,1,1,1,1,0,0,1,0,0.34375
0,0,0,1,1,1,1,1,0,1,0,0,0.34375
0,0,0,1,1,1,1,1,0,1,1,1,0.5
0,0,0,1,1,1,1,1,1,0,0,0,0.34375
0,0,0,1,1,1,1,1,1,0,1,1,0.5
0,0,0,1,1,1,1,1,1,1,0,1,0.5
0,0,0,1,1,1,1,1,1,1,1,0,0.363281
0,0,1,0,0,0,0,0,0,0,0,1,0.5
0,0,1,0,0,0,0,0,0,0,1,0,0.25
0,0,1,0,0,0,0,0,0,1,0,0,0.25
0,0,1,0,0,0,0,0,0,1,1,1,0.5
0,0,1,0,0,0,0,0,1,0,0,0,0.25
0,0,1,0,0,0,0,0,1,0,1,1,0.5
0,0,1,0,0,0,0,0,1,1,0,1,0.5
0,0,1,0,0,0,0,0,1,1,1,0,0.3125
0,0,1,0,0,0,0,1,0,0,0,0,0.25
0,0,1,0,0,0,0,1,0,0,1,1,0.5
0,0,1,0,0,0,0,1,0,1,0,1,0.5
0,0,1,0,0,0,0,1,0,1,1,0,0.3125
0,0,1,0,0,0,0,1,1,0,0,1,0.5
0,0,1,0,0,0,0,1,1,0,1,0,0.3125
0,0,1,0,0,0,0,1,1,1,0,0,0.3125
0,0,1,0,0,0,0,1,1,1,1,1,0.5
0,0,1,0,0,0,1,0,0,0,0,0,0.25
0,0,1,0,0,0,1,0,0,0,1,1,0.5
0,0,1,0,0,0,1,0,0,1,0,1,0.5
0,0,1,0,0,0,1,0,0,1,1,0,0.3125
0,0,1,0,0,0,1,0,1,0,0,1,0.5
0,0,1,0,0,0,1,0,1,0,1,0,0.3125
0,0,1,0,0,0,1,0,1,1,0,0,0.3125
0,0,1,0,0,0,1,0,1,1,1,1,0.5
0,0,1,0,0,0,1,1,0,0,0,1,0.5
0,0,1,0,0,0,1,1,0,0,1,0,0.3125
0,0,1,0,0,0,1,1,0,1,0,0,0.3125
0,0,1,0,0,0,1,1,0,1,1,1,0.5
0,0,1,0,0,0,1,1,1,0,0,0,0.3125
0,0,1,0,0,0,1,1,1,0,1,1,0.5
0,0,1,0,0,0,1,1,1,1,0,1,0.5
0,0,1,0,0,0,1,1,1,1,1,0,0.34375
0,0,1,0,0,1,0,0,0,0,0,0,0.25
0,0,1,0,0,1,0,0,0,0,1,1,0.5
0,0,1,0,0,1,0,0,0,1,0,1,0.5
0,0,1,0,0,1,0,0,0,1,1,0,0.3125
0,0,1,0,0,1,0,0,1,0,0,1,0.5
0,0,1,0,0,1,0,0,1,0,1,0,0.3125
0,0,1,0,0,1,0,0,1,1,0,0,0.3125
0,0,1,0,0,1,0,0,1,1,1,1,0.5
0,0,1,0,0,1,0,1,0,0,0,1,0.5
0,0,1,0,0,1,0,1,0,0,1,0,0.3125
0,0,1,0,0,1,0,1,0,1,0,0,0.3125
0,0,1,0,0,1,0,1,0,1,1,1,0.5
0,0,1,0,0,1,0,1,1,0,0,0,0.3125
0,0,1,0,0,1,0,1,1,0,1,1,0.5
0,0,1,0,0,1,0,1,1,1,0,1,0.5
0,0,1,0,0,1,0,1,1,1,1,0,0.34375
0,0,1,0,0,1,1,0,0,0,0,1,0.5
0,0,1,0,0,1,1,0,0,0,1,0,0.3125
0,0,1,0,0,1,1,0,0,1,0,0,0.3125
0,0,1,0,0,1,1,0,0,1,1,1,0.5
0,0,1,0,0,1,1,0,1,0,0,0,0.3125
0,0,1,0,0,1,1,0,1,0,1,1,0.5
0,0,1,0,0,1,1,0,1,1,0,1,0.5
0,0,1,0,0,1,1,0,1,1,1,0,0.34375
0,0,1,0,0,1,1,1,0,0,0,0,0.3125
0,0,1,0,0,1,1,1,0,0,1,1,0.5
0,0,1,0,0,1,1,1,0,1,0,1,0.5
0,0,1,0,0,1,1,1,0,1,1,0,0.34375
0,0,1,0,0,1,1,1,1,0,0,1,0.5
0,0,1,0,0,1,1,1,1,0,1,0,0.34375
0,0,1,0,0,1,1,1,1,1,0,0,0.34375
0,0,1,0,0,1,1,1,1,1,1,1,0.5
0,0,1,0,1,0,0,0,0,0,0,0,0.25
0,0,1,0,1,0,0,0,0,0,1,1,0.5
0,0,1,0,1,0,0,0,0,1,0,1,0.5
0,0,1,0,1,0,0,0,0,1,1,0,0.3125
0,0,1,0,1,0,0,0,1,0,0,1,0.5
0,0,1,0,1,0,0,0,1,0,1,0,0.3125
0,0,1,0,1,0,0,0,1,1,0,0,0.3125
0,0,1,0,1,0,0,0,1,1,1,1,0.5
0,0,1,0,1,0,0,1,0,0,0,1,0.5
0,0,1,0,1,0,0,1,0,0,1,0,0.3125
0,0,1,0,1,0,0,1,0,1,0,0,0.3125
0,0,1,0,1,0,0,1,0,1,1,1,0.5
0,0,1,0,1,0,0,1,1,0,0,0,0.3125
0,0,1,0,1,0,0,1,1,0,1,1,0.5
0,0,1,0,1,0,0,1,1,1,0,1,0.5
0,0,1,0,1,0,0,1,1,1,1,0,0.34375
0,0,1,0,1,0,1,0,0,0,0,1,0.5
0,0,1,0,1,0,1,0,0,0,1,0,0.3125
0,0,1,0,1,0,1,0,0,1,0,0,0.3125
0,0,1,0,1,0,1,0,0,1,1,1,0.5
0,0,1,0,1,0,1,0,1,0,0,0,0.3125
0,0,1,0,1,0,1,0,1,0,1,1,0.5
0,0,1,0,1,0,1,0,1,1,0,1,0.5
0,0,1,0,1,0,1,0,1,1,1,0,0.34375
0,0,1,0,1,0,1,1,0,0,0,0,0.3125
0,0,1,0,1,0,1,1,0,0,1,1,0.5
0,0,1,0,1,0,1,1,0,1,0,1,0.5
0,0,1,0,1,0,1,1,0,1,1,0,0.34375
0,0,1,0,1,0,1,1,1,0,0,1,0.5
0,0,1,0,1,0,1,1,1,0,1,0,0.34375
0,0,1,0,1,0,1,1,1,1,0,0,0.34375
0,0,1,0,1,0,1,1,1,1,1,1,0.5
0,0,1,0,1,1,0,0,0,0,0,1,0.5
0,0,1,0,1,1,0,0,0,0,1,0,0.3125
0,0,1,0,1,1,0,0,0,1,0,0,0.3125
0,0,1,0,1,1,0,0,0,1,1,1,0.5
0,0,1,0,1,1,0,0,1,0,0,0,0.3125
0,0,1,0,1,1,0,0,1,0,1,1,0.5
0,0,1,0,1,1,0,0,1,1,0,1,0.5
0,0,1,0,1,1,0,0,1,1,1,0,0.34375
0,0,1,0,1,1,0,1,0,0,0,0,0.3125
0,0,1,0,1,1,0,1,0,0,1,1,0.5
0,0,1,0,1,1,0,1,0,1,0,1,0.5
0,0,1,0,1,1,0,1,0,1,1,0,0.34375
0,0,1,0,1,1,0,1,1,0,0,1,0.5
0,0,1,0,1,1,0,1,1,0,1,0,0.34375
0,0,1,0,1,1,0,1,1,1,0,0,0.34375
0,0,1,0,1,1,0,1,1,1,1,1,0.5
0,0,1,0,1,1,1,0,0,0,0,0,0.3125
0,0,1,0,1,1,1,0,0,0,1,1,0.5
0,0,1,0,1,1,1,0,0,1,0,1,0.5
0,0,1,0,1,1,1,0,0,1,1,0,0.34375
0,0,1,0,1,1,1,0,1,0,0,1,0.5
0,0,1,0,1,1,1,0,1,0,1,0,0.34375
0,0,1,0,1,1,1,0,1,1,0,0,0.34375
0,0,1,0,1,1,1,0,1,1,1,1,0.5
0,0,1,0,1,1,1,1,0,0,0,1,0.5
0,0,1,0,1,1,1,1,0,0,1,0,0.34375
0,0,1,0,1,1,1,1,0,1,0,0,0.34375
0,0,1,0,1,1,1,1,0,1,1,1,0.5
0,0,1,0,1,1,1,1,1,0,0,0,0.34375
0,0,1,0,1,1,1,1,1,0,1,1,0.5
0,0,1,0,1,1,1,1,1,1,0,1,0.5
0,0,1,0,1,1,1,1,1,1,1,0,0.363281
0,0,1,1,0,0,0,0,0,0,0,0,0.25
0,0,1,1,0,0,0,0,0,0,1,1,0.5
0,0,1,1,0,0,0,0,0,1,0,1,0.5
0,0,1,1,0,0,0,0,0,1,1,0,0.3125
0,0,1,1,0,0,0,0,1,0,0,1,0.5
0,0,1,1,0,0,0,0,1,0,1,0,0.3125
0,0,1,1,0,0,0,0,1,1,0,0,0.3125
0,0,1,1,0,0,0,0,1,1,1,1,0.5
0,0,1,1,0,0,0,1,0,0,0,1,0.5
0,0,1,1,0,0,0,1,0,0,1,0,0.3125
0,0,1,1,0,0,0,1,0,1,0,0,0.3125
0,0,1,1,0,0,0,1,0,1,1,1,0.5
0,0,1,1,0,0,0,1,1,0,0,0,0.3125
0,0,1,1,0,0,0,1,1,0,1,1,0.5
0,0,1,1,0,0,0,1,1,1,0,1,0.5
0,0,1,1,0,0,0,1,1,1,1,0,0.34375
0,0,1,1,0,0,1,0,0,0,0,1,0.5
0,0,1,1,0,0,1,0,0,0,1,0,0.3125
0,0,1,1,0,0,1,0,0,1,0,0,0.3125
0,0,1,1,0,0,1,0,0,1,1,1,0.5
0,0,1,1,0,0,1,0,1,0,0,0,0.3125
0,0,1,1,0,0,1,0,1,0,1,1,0.5
0,0,1,1,0,0,1,0,1,1,0,1,0.5
0,0,1,1,0,0,1,0,1,1,1,0,0.34375
0,0,1,1,0,0,1,1,0,0,0,0,0.3125
0,0,1,1,0,0,1,1,0,0,1,1,0.5
0,0,1,1,0,0,1,1,0,1,0,1,0.5
0,0,1,1,0,0,1,1,0,1,1,0,0.34375
0,0,1,1,0,0,1,1,1,0,0,1,0.5
0,0,1,1,0,0,1,1,1,0,1,0,0.34375
0,0,1,1,0,0,1,1,1,1,0,0,0.34375
0,0,1,1,0,0,1,1,1,1,1,1,0.5
0,0,1,1,0,1,0,0,0,0,0,1,0.5
0,0,1,1,0,1,0,0,0,0,1,0,0.3125
0,0,1,1,0,1,0,0,0,1,0,0,0.3125
0,0,1,1,0,1,0,0,0,1,1,1,0.5
0,0,1,1,0,1,0,0,1,0,0,0,0.3125
0,0,1,1,0,1,0,0,1,0,1,1,0.5
0,0,1,1,0,1,0,0,1,1,0,1,0.5
0,0,1,1,0,1,0,0,1,1,1,0,0.34375
0,0,1,1,0,1,0,1,0,0,0,0,0.3125
0,0,1,1,0,1,0,1,0,0,1,1,0.5
0,0,1,1,0,1,0,1,0,1,0,1,0.5
0,0,1,1,0,1,0,1,0,1,1,0,0.34375
0,0,1,1,0,1,0,1,1,0,0,1,0.5
0,0,1,1,0,1,0,1,1,0,1,0,0.34375
0,0,1,1,0,1,0,1,1,1,0,0,0.34375
0,0,1,1,0,1,0,1,1,1,1,1,0.5
0,0,1,1,0,1,1,0,0,0,0,0,0.3125
0,0,1,1,0,1,1,0,0,0,1,1,0.5
0,0,1,1,0,1,1,0,0,1,0,1,0.5
0,0,1,1,0,1,1,0,0,1,1,0,0.34375
0,0,1,1,0,1,1,0,1,0,0,1,0.5
0,0,1,1,0,1,1,0,1,0,1,0,0.34375
0,0,1,1,0,1,1,0,1,1,0,0,0.34375
0,0,1,1,0,1,1,0,1,1,1,1,0.5
0,0,1,1,0,1,1,1,0,0,0,1,0.5
0,0,1,1,0,1,1,1,0,0,1,0,0.34375
0,0,1,1,0,1,1,1,0,1,0,0,0.34375
0,0,1,1,0,1,1,1,0,1,1,1,0.5
0,0,1,1,0,1,1,1,1,0,0,0,0.34375
0,0,1,1,0,1,1,1,1,0,1,1,0.5
0,0,1,1,0,1,1,1,1,1,0,1,0.5
0,0,1,1,0,1,1,1,1,1,1,0,0.363281
0,0,1,1,1,0,0,0,0,0,0,1,0.5
0,0,1,1,1,0,0,0,0,0,1,0,0.3125
0,0,1,1,1,0,0,0,0,1,0,0,0.3125
0,0,1,1,1,0,0,0,0,1,1,1,0.5
0,0,1,1,1,0,0,0,1,0,0,0,0.3125
0,0,1,1,1,0,0,0,1,0,1,1,0.5
0,0,1,1,1,0,0,0,1,1,0,1,0.5
0,0,1,1,1,0,0,0,1,1,1,0,0.34375
0,0,1,1,1,0,0,1,0,0,0,0,0.3125
0,0,1,1,1,0,0,1,0,0,1,1,0.5
0,0,1,1,1,0,0,1,0,1,0,1,0.5
0,0,1,1,1,0,0,1,0,1,1,0,0.34375
0,0,1,1,1,0,0,1,1,0,0,1,0.5
0,0,1,1,1,0,0,1,1,0,1,0,0.34375
0,0,1,1,1,0,0,1,1,1,0,0,0.34375
0,0,1,1,1,0,0,1,1,1,1,1,0.5
0,0,1,1,1,0,1,0,0,0,0,0,0.3125
0,0,1,1,1,0,1,0,0,0,1,1,0.5
0,0,1,1,1,0,1,0,0,1,0,1,0.5
0,0,1,1,1,0,1,0,0,1,1,0,0.34375
0,0,1,1,1,0,1,0,1,0,0,1,0.5
0,0,1,1,1,0,1,0,1,0,1,0,0.34375
0,0,1,1,1,0,1,0,1,1,0,0,0.34375
0,0,1,1,1,0,1,0,1,1,1,1,0.5
0,0,1,1,1,0,1,1,0,0,0,1,0.5
0,0,1,1,1,0,1,1,0,0,1,0,0.34375
0,0,1,1,1,0,1,1,0,1,0,0,0.34375
0,0,1,1,1,0,1,1,0,1,1,1,0.5
0,0,1,1,1,0,1,1,1,0,0,0,0.34375
0,0,1,1,1,0,1,1,1,0,1,1,0.5
0,0,1,1,1,0,1,1,1,1,0,1,0.5
0,0,1,1,1,0,1,1,1,1,1,0,0.363281
0,0,1,1,1,1,0,0,0,0,0,0,0.3125
0,0,1,1,1,1,0,0,0,0,1,1,0.5
0,0,1,1,1,1,0,0,0,1,0,1,0.5
0,0,1,1,1,1,0,0,0,1,1,0,0.34375
0,0,1,1,1,1,0,0,1,0,0,1,0.5
0,0,1,1,1,1,0,0,1,0,1,0,0.34375
0,0,1,1,1,1,0,0,1,1,0,0,0.34375
0,0,1,1,1,1,0,0,1,1,1,1,0.5
0,0,1,1,1,1,0,1,0,0,0,1,0.5
0,0,1,1,1,1,0,1,0,0,1,0,0.34375
0,0,1,1,1,1,0,1,0,1,0,0,0.34375
0,0,1,1,1,1,0,1,0,1,1,1,0.5
0,0,1,1,1,1,0,1,1,0,0,0,0.34375
0,0,1,1,1,1,0,1,1,0,1,1,0.5
0,0,1,1,1,1,0,1,1,1,0,1,0.5
0,0,1,1,1,1,0,1,1,1,1,0,0.363281
0,0,1,1,1,1,1,0,0,0,0,1,0.5
0,0,1,1,1,1,1,0,0,0,1,0,0.34375
0,0,1,1,1,1,1,0,0,1,0,0,0.34375
0,0,1,1,1,1,1,0,0,1,1,1,0.5
0,0,1,1,1,1,1,0,1,0,0,0,0.34375
0,0,1,1,1,1,1,0,1,0,1,1,0.5
0,0,1,1,1,1,1,0,1,1,0,1,0.5
0,0,1,1,1,1,1,0,1,1,1,0,0.363281
0,0,1,1,1,1,1,1,0,0,0,0,0.34375
0,0,1,1,1,1,1,1,0,0,1,1,0.5
0,0,1,1,1,1,1,1,0,1,0,1,0.5
0,0,1,1,1,1,1,1,0,1,1,0,0.363281
0,0,1,1,1,1,1,1,1,0,0,1,0.5
0,0,1,1,1,1,1,1,1,0,1,0,0.363281
0,0,1,1,1,1,1,1,1,1,0,0,0.363281
0,0,1,1,1,1,1,1,1,1,1,1,0.5
0,1,0,0,0,0,0,0,0,0,0,1,0.5
0,1,0,0,0,0,0,0,0,0,1,0,0.25
0,1,0,0,0,0,0,0,0,1,0,0,0.25
0,1,0,0,0,0,0,0,0,1,1,1,0.5
0,1,0,0,0,0,0,0,1,0,0,0,0.25
0,1,0,0,0,0,0,0,1,0,1,1,0.5
0,1,0,0,0,0,0,0,1,1,0,1,0.5
0,1,0,0,0,0,0,0,1,1,1,0,0.3125
0,1,0,0,0,0,0,1,0,0,0,0,0.25
0,1,0,0,0,0,0,1,0,0,1,1,0.5
0,1,0,0,0,0,0,1,0,1,0,1,0.5
0,1,0,0,0,0,0,1,0,1,1,0,0.3125
0,1,0,0,0,0,0,1,1,0,0,1,0.5
0,1,0,0,0,0,0,1,1,0,1,0,0.3125
0,1,0,0,0,0,0,1,1,1,0,0,0.3125
0,1,0,0,0,0,0,1,1,1,1,1,0.5
0,1,0,0,0,0,1,0,0,0,0,0,0.25
0,1,0,0,0,0,1,0,0,0,1,1,0.5
0,1,0,0,0,0,1,0,0,1,0,1,0.5
0,1,0,0,0,0,1,0,0,1,1,0,0.3125
0,1,0,0,0,0,1,0,1,0,0,1,0.5
0,1,0,0,0,0,1,0,1,0,1,0,0.3125
0,1,0,0,0,0,1,0,1,1,0,0,0.3125
0,1,0,0,0,0,1,0,1,1,1,1,0.5
0,1,0,0,0,0,1,1,0,0,0,1,0.5
0,1,0,0,0,0,1,1,0,0,1,0,0.3125
0,1,0,0,0,0,1,1,0,1,0,0,0.3125
0,1,0,0,0,0,1,1,0,1,1,1,0.5
0,1,0,0,0,0,1,1,1,0,0,0,0.3125
0,1,0,0,0,0,1,1,1,0,1,1,0.5
0,1,0,0,0,0,1,1,1,1,0,1,0.5
0,1,0,0,0,0,1,1,1,1,1,0,0.34375
0,1,0,0,0,1,0,0,0,0,0,0,0.25
0,1,0,0,0,1,0,0,0,0,1,1,0.5
0,1,0,0,0,1,0,0,0,1,0,1,0.5
0,1,0,0,0,1,0,0,0,1,1,0,0.3125
0,1,0,0,0,1,0,0,1,0,0,1,0.5
0,1,0,0,0,1,0,0,1,0,1,0,0.3125
0,1,0,0,0,1,0,0,1,1,0,0,0.3125
0,1,0,0,0,1,0,0,1,1,1,1,0.5
0,1,0,0,0,1,0,1,0,0,0,1,0.5
0,1,0,0,0,1,0,1,0,0,1,0,0.3125
0,1,0,0,0,1,0,1,0,1,0,0,0.3125
0,1,0,0,0,1,0,1,0,1,1,1,0.5
0,1,0,0,0,1,0,1,1,0,0,0,0.3125
0,1,0,0,0,1,0,1,1,0,1,1,0.5
0,1,0,0,0,1,0,1,1,1,0,1,0.5
0,1,0,0,0,1,0,1,1,1,1,0,0.34375
0,1,0,0,0,1,1,0,0,0,0,1,0.5
0,1,0,0,0,1,1,0,0,0,1,0,0.3125
0,1,0,0,0,1,1,0,0,1,0,0,0.3125
0,1,0,0,0,1,1,0,0,1,1,1,0.5
0,1,0,0,0,1,1,0,1,0,0,0,0.3125
0,1,0,0,0,1,1,0,1,0,1,1,0.5
0,1,0,0,0,1,1,0,1,1,0,1,0.5
0,1,0,0,0,1,1,0,1,1,1,0,0.34375
0,1,0,0,0,1,1,1,0,0,0,0,0.3125
0,1,0,0,0,1,1,1,0,0,1,1,0.5
0,1,0,0,0,1,1,1,0,1,0,1,0.5
0,1,0,0,0,1,1,1,0,1,1,0,0.34375
0,1,0,0,0,1,1,1,1,0,0,1,0.5
0,1,0,0,0,1,1,1,1,0,1,0,0.34375
0,1,0,0,0,1,1,1,1,1,0,0,0.34375
0,1,0,0,0,1,1,1,1,1,1,1,0.5
0,1,0,0,1,0,0,0,0,0,0,0,0.25
0,1,0,0,1,0,0,0,0,0,1,1,0.5
0,1,0,0,1,0,0,0,0,1,0,1,0.5
0,1,0,0,1,0,0,0,0,1,1,0,0.3125
0,1,0,0,1,0,0,0,1,0,0,1,0.5
0,1,0,0,1,0,0,0,1,0,1,0,0.3125
0,1,0,0,1,0,0,0,1,1,0,0,0.3125
0,1,0,0,1,0,0,0,1,1,1,1,0.5
0,1,0,0,1,0,0,1,0,0,0,1,0.5
0,1,0,0,1,0,0,1,0,0,1,0,0.3125
0,1,0,0,1,0,0,1,0,1,0,0,0.3125
0,1,0,0,1,0,0,1,0,1,1,1,0.5
0,1,0,0,1,0,0,1,1,0,0,0,0.3125
0,1,0,0,1,0,0,1,1,0,1,1,0.5
0,1,0,0,1,0,0,1,1,1,0,1,0.5
0,1,0,0,1,0,0,1,1,1,1,0,0.34375
0,1,0,0,1,0,1,0,0,0,0,1,0.5
0,1,0,0,1,0,1,0,0,0,1,0,0.3125
0,1,0,0,1,0,1,0,0,1,0,0,0.3125
0,1,0,0,1,0,1,0,0,1,1,1,0.5
0,1,0,0,1,0,1,0,1,0,0,0,0.3125
0,1,0,0,1,0,1,0,1,0,1,1,0.5
0,1,0,0,1,0,1,0,1,1,0,1,0.5
0,1,0,0,1,0,1,0,1,1,1,0,0.34375
0,1,0,0,1,0,1,1,0,0,0,0,0.3125
0,1,0,0,1,0,1,1,0,0,1,1,0.5
0,1,0,0,1,0,1,1,0,1,0,1,0.5
0,1,0,0,1,0,1,1,0,1,1,0,0.34375
0,1,0,0,1,0,1,1,1,0,0,1,0.5
0,1,0,0,1,0,1,1,1,0,1,0,0.34375
0,1,0,0,1,0,1,1,1,1,0,0,0.34375
0,1,0,0,1,0,1,1,1,1,1,1,0.5
0,1,0,0,1,1,0,0,0,0,0,1,0.5
0,1,0,0,1,1,0,0,0,0,1,0,0.3125
0,1,0,0,1,1,0,0,0,1,0,0,0.3125
0,1,0,0,1,1,0,0,0,1,1,1,0.5
0,1,0,0,1,1,0,0,1,0,0,0,0.3125
0,1,0,0,1,1,0,0,1,0,1,1,0.5
0,1,0,0,1,1,0,0,1,1,0,1,0.5
0,1,0,0,1,1,0,0,1,1,1,0,0.34375
0,1,0,0,1,1,0,1,0,0,0,0,0.3125
0,1,0,0,1,1,0,1,0,0,1,1,0.5
0,1,0,0,1,1,0,1,0,1,0,1,0.5
0,1,0,0,1,1,0,1,0,1,1,0,0.34375
0,1,0,0,1,1,0,1,1,0,0,1,0.5
0,1,0,0,1,1,0,1,1,0,1,0,0.34375
0,1,0,0,1,1,0,1,1,1,0,0,0.34375
0,1,0,0,1,1,0,1,1,1,1,1,0.5
0,1,0,0,1,1,1,0,0,0,0,0,0.3125
0,1,0,0,1,1,1,0,0,0,1,1,0.5
0,1,0,0,1,1,1,0,0,1,0,1,0.5
0,1,0,0,1,1,1,0,0,1,1,0,0.34375
0,1,0,0,1,1,1,0,1,0,0,1,0.5
0,1,0,0,1,1,1,0,1,0,1,0,0.34375
0,1,0,0,1,1,1,0,1,1,0,0,0.34375
0,1,0,0,1,1,1,0,1,1,1,1,0.5
0,1,0,0,1,1,1,1,0,0,0,1,0.5
0,1,0,0,1,1,1,1,0,0,1,0,0.34375
0,1,0,0,1,1,1,1,0,1,0,0,0.34375
0,1,0,0,1,1,1,1,0,1,1,1,0.5
0,1,0,0,1,1,1,1,1,0,0,0,0.34375
0,1,0,0,1,1,1,1,1,0,1,1,0.5
0,1,0,0,1,1,1,1,1,1,0,1,0.5
0,1,0,0,1,1,1,1,1,1,1,0,0.363281
0,1,0,1,0,0,0,0,0,0,0,0,0.25
0,1,0,1,0,0,0,0,0,0,1,1,0.5
0,1,0,1,0,0,0,0,0,1,0,1,0.5
0,1,0,1,0,0,0,0,0,1,1,0,0.3125
0,1,0,1,0,0,0,0,1,0,0,1,0.5
0,1,0,1,0,0,0,0,1,0,1,0,0.3125
0,1,0,1,0,0,0,0,1,1,0,0,0.3125
0,1,0,1,0,0,0,0,1,1,1,1,0.5
0,1,0,1,0,0,0,1,0,0,0,1,0.5
0,1,0,1,0,0,0,1,0,0,1,0,0.3125
0,1,0,1,0,0,0,1,0,1,0,0,0.3125
0,1,0,1,0,0,0,1,0,1,1,1,0.5
0,1,0,1,0,0,0,1,1,0,0,0,0.3125
0,1,0,1,0,0,0,1,1,0,1,1,0.5
0,1,0,1,0,0,0,1,1,1,0,1,0.5
0,1,0,1,0,0,0,1,1,1,1,0,0.34375
0,1,0,1,0,0,1,0,0,0,0,1,0.5
0,1,0,1,0,0,1,0,0,0,1,0,0.3125
0,1,0,1,0,0,1,0,0,1,0,0,0.3125
0,1,0,1,0,0,1,0,0,1,1,1,0.5
0,1,0,1,0,0,1,0,1,0,0,0,0.3125
0,1,0,1,0,0,1,0,1,0,1,1,0.5
0,1,0,1,0,0,1,0,1,1,0,1,0.5
0,1,0,1,0,0,1,0,1,1,1,0,0.34375
0,1,0,1,0,0,1,1,0,0,0,0,0.3125
0,1,0,1,0,0,1,1,0,0,1,1,0.5
0,1,0,1,0,0,1,1,0,1,0,1,0.5
0,1,0,1,0,0,1,1,0,1,1,0,0.34375
0,1,0,1,0,0,1,1,1,0,0,1,0.5
0,1,0,1,0,0,1,1,1,0,1,0,0.34375
0,1,0,1,0,0,1,1,1,1,0,0,0.34375
0,1,0,1,0,0,1,1,1,1,1,1,0.5
0,1,0,1,0,1,0,0,0,0,0,1,0.5
0,1,0,1,0,1,0,0,0,0,1,0,0.3125
0,1,0,1,0,1,0,0,0,1,0,0,0.3125
0,1,0,1,0,1,0,0,0,1,1,1,0.5
0,1,0,1,0,1,0,0,1,0,0,0,0.3125
0,1,0,1,0,1,0,0,1,0,1,1,0.5
0,1,0,1,0,1,0,0,1,1,0,1,0.5
0,1,0,1,0,1,0,0,1,1,1,0,0.34375
0,1,0,1,0,1,0,1,0,0,0,0,0.3125
0,1,0,1,0,1,0,1,0,0,1,1,0.5
0,1,0,1,0,1,0,1,0,1,0,1,0.5
0,1,0,1,0,1,0,1,0,1,1,0,0.34375
0,1,0,1,0,1,0,1,1,0,0,1,0.5
0,1,0,1,0,1,0,1,1,0,1,0,0.34375
0,1,0,1,0,1,0,1,1,1,0,0,0.34375
0,1,0,1,0,1,0,1,1,1,1,1,0.5
0,1,0,1,0,1,1,0,0,0,0,0,0.3125
0,1,0,1,0,1,1,0,0,0,1,1,0.5
0,1,0,1,0,1,1,0,0,1,0,1,0.5
0,1,0,1,0,1,1,0,0,1,1,0,0.34375
0,1,0,1,0,1,1,0,1,0,0,1,0.5
0,1,0,1,0,1,1,0,1,0,1,0,0.34375
0,1,0,1,0,1,1,0,1,1,0,0,0.34375
0,1,0,1,0,1,1,0,1,1,1,1,0.5
0,1,0,1,0,1,1,1,0,0,0,1,0.5
0,1,0,1,0,1,1,1,0,0,1,0,0.34375
0,1,0,1,0,1,1,1,0,1,0,0,0.34375
0,1,0,1,0,1,1,1,0,1,1,1,0.5
0,1,0,1,0,1,1,1,1,0,0,0,0.34375
0,1,0,1,0,1,1,1,1,0,1,1,0.5
0,1,0,1,0,1,1,1,1,1,0,1,0.5
0,1,0,1,0,1,1,1,1,1,1,0,0.363281
0,1,0,1,1,0,0,0,0,0,0,1,0.5
0,1,0,1,1,0,0,0,0,0,1,0,0.3125
0,1,0,1,1,0,0,0,0,1,0,0,0.3125
0,1,0,1,1,0,0,0,0,1,1,1,0.5
0,1,0,1,1,0,0,0,1,0,0,0,0.3125
0,1,0,1,1,0,0,0,1,0,1,1,0.5
0,1,0,1,1,0,0,0,1,1,0,1,0.5
0,1,0,1,1,0,0,0,1,1,1,0,0.34375
0,1,0,1,1,0,0,1,0,0,0,0,0.3125
0,1,0,1,1,0,0,1,0,0,1,1,0.5
0,1,0,1,1,0,0,1,0,1,0,1,0.5
0,1,0,1,1,0,0,1,0,1,1,0,0.34375
0,1,0,1,1,0,0,1,1,0,0,1,0.5
0,1,0,1,1,0,0,1,1,0,1,0,0.34375
0,1,0,1,1,0,0,1,1,1,0,0,0.34375
0,1,0,1,1,0,0,1,1,1,1,1,0.5
0,1,0,1,1,0,1,0,0,0,0,0,0.3125
0,1,0,1,1,0,1,0,0,0,1,1,0.5
0,1,0,1,1,0,1,0,0,1,0,1,0.5
0,1,0,1,1,0,1,0,0,1,1,0,0.34375
0,1,0,1,1,0,1,0,1,0,0,1,0.5
0,1,0,1,1,0,1,0,1,0,1,0,0.34375
0,1,0,1,1,0,1,0,1,1,0,0,0.34375
0,1,0,1,1,0,1,0,1,1,1,1,0.5
0,1,0,1,1,0,1,1,0,0,0,1,0.5
0,1,0,1,1,0,1,1,0,0,1,0,0.34375
0,1,0,1,1,0,1,1,0,1,0,0,0.34375
0,1,0,1,1,0,1,1,0,1,1,1,0.5
0,1,0,1,1,0,1,1,1,0,0,0,0.34375
0,1,0,1,1,0,1,1,1,0,1,1,0.5
0,1,0,1,1,0,1,1,1,1,0,1,0.5
0,1,0,1,1,0,1,1,1,1,1,0,0.363281
0,1,0,1,1,1,0,0,0,0,0,0,0.3125
0,1,0,1,1,1,0,0,0,0,1,1,0.5
0,1,0,1,1,1,0,0,0,1,0,1,0.5
0,1,0,1,1,1,0,0,0,1,1,0,0.34375
0,1,0,1,1,1,0,0,1,0,0,1,0.5
0,1,0,1,1,1,0,0,1,0,1,0,0.34375
0,1,0,1,1,1,0,0,1,1,0,0,0.34375
0,1,0,1,1,1,0,0,1,1,1,1,0.5
0,1,0,1,1,1,0,1,0,0,0,1,0.5
0,1,0,1,1,1,0,1,0,0,1,0,0.34375
0,1,0,1,1,1,0,1,0,1,0,0,0.34375
0,1,0,1,1,1,0,1,0,1,1,1,0.5
0,1,0,1,1,1,0,1,1,0,0,0,0.34375
0,1,0,1,1,1,0,1,1,0,1,1,0.5
0,1,0,1,1,1,0,1,1,1,0,1,0.5
0,1,0,1,1,1,0,1,1,1,1,0,0.363281
0,1,0,1,1,1,1,0,0,0,0,1,0.5
0,1,0,1,1,1,1,0,0,0,1,0,0.34375
0,1,0,1,1,1,1,0,0,1,0,0,0.34375
0,1,0,1,1,1,1,0,0,1,1,1,0.5
0,1,0,1,1,1,1,0,1,0,0,0,0.34375
0,1,0,1,1,1,1,0,1,0,1,1,0.5
0,1,0,1,1,1,1,0,1,1,0,1,0.5
0,1,0,1,1,1,1,0,1,1,1,0,0.363281
0,1,0,1,1,1,1,1,0,0,0,0,0.34375
0,1,0,1,1,1,1,1,0,0,1,1,0.5
0,1,0,1,1,1,1,1,0,1,0,1,0.5
0,1,0,1,1,1,1,1,0,1,1,0,0.363281
0,1,0,1,1,1,1,1,1,0,0,1,0.5
0,1,0,1,1,1,1,1,1,0,1,0,0.363281
0,1,0,1,1,1,1,1,1,1,0,0,0.363281
0,1,0,1,1,1,1,1,1,1,1,1,0.5
0,1,1,0,0,0,0,0,0,0,0,0,0.25
0,1,1,0,0,0,0,0,0,0,1,1,0.5
0,1,1,0,0,0,0,0,0,1,0,1,0.5
0,1,1,0,0,0,0,0,0,1,1,0,0.3125
0,1,1,0,0,0,0,0,1,0,0,1,0.5
0,1,1,0,0,0,0,0,1,0,1,0,0.3125
0,1,1,0,0,0,0,0,1,1,0,0,0.3125
0,1,1,0,0,0,0,0,1,1,1,1,0.5
0,1,1,0,0,0,0,1,0,0,0,1,0.5
0,1,1,0,0,0,0,1,0,0,1,0,0.3125
0,1,1,0,0,0,0,1,0,1,0,0,0.3125
0,1,1,0,0,0,0,1,0,1,1,1,0.5
0,1,1,0,0,0,0,1,1,0,0,0,0.3125
0,1,1,0,0,0,0,1,1,0,1,1,0.5
0,1,1,0,0,0,0,1,1,1,0,1,0.5
0,1,1,0,0,0,0,1,1,1,1,0,0.34375
0,1,1,0,0,0,1,0,0,0,0,1,0.5
0,1,1,0,0,0,1,0,0,0,1,0,0.3125
0,1,1,0,0,0,1,0,0,1,0,0,0.3125
0,1,1,0,0,0,1,0,0,1,1,1,0.5
0,1,1,0,0,0,1,0,1,0,0,0,0.3125
0,1,1,0,0,0,1,0,1,0,1,1,0.5
0,1,1,0,0,0,1,0,1,1,0,1,0.5
0,1,1,0,0,0,1,0,1,1,1,0,0.34375
0,1,1,0,0,0,1,1,0,0,0,0,0.3125
0,1,1,0,0,0,1,1,0,0,1,1,0.5
0,1,1,0,0,0,1,1,0,1,0,1,0.5
0,1,1,0,0,0,1,1,0,1,1,0,0.34375
0,1,1,0,0,0,1,1,1,0,0,1,0.5
0,1,1,0,0,0,1,1,1,0,1,0,0.34375
0,1,1,0,0,0,1,1,1,1,0,0,0.34375
0,1,1,0,0,0,1,1,1,1,1,1,0.5
0,1,1,0,0,1,0,0,0,0,0,1,0.5
0,1,1,0,0,1,0,0,0,0,1,0,0.3125
0,1,1,0,0,1,0,0,0,1,0,0,0.3125
0,1,1,0,0,1,0,0,0,1,1,1,0.5
0,1,1,0,0,1,0,0,1,0,0,0,0.3125
0,1,1,0,0,1,0,0,1,0,1,1,0.5
0,1,1,0,0,1,0,0,1,1,0,1,0.5
0,1,1,0,0,1,0,0,1,1,1,0,0.34375
0,1,1,0,0,1,0,1,0,0,0,0,0.3125
0,1,1,0,0,1,0,1,0,0,1,1,0.5
0,1,1,0,0,1,0,1,0,1,0,1,0.5
0,1,1,0,0,1,0,1,0,1,1,0,0.34375
0,1,1,0,0,1,0,1,1,0,0,1,0.5
0,1,1,0,0,1,0,1,1,0,1,0,0.34375
0,1,1,0,0,1,0,1,1,1,0,0,0.34375
0,1,1,0,0,1,0,1,1,1,1,1,0.5
0,1,1,0,0,1,1,0,0,0,0,0,0.3125
0,1,1,0,0,1,1,0,0,0,1,1,0.5
0,1,1,0,0,1,1,0,0,1,0,1,0.5
0,1,1,0,0,1,1,0,0,1,1,0,0.34375
0,1,1,0,0,1,1,0,1,0,0,1,0.5
0,1,1,0,0,1,1,0,1,0,1,0,0.34375
0,1,1,0,0,1,1,0,1,1,0,0,0.34375
0,1,1,0,0,1,1,0,1,1,1,1,0.5
0,1,1,0,0,1,1,1,0,0,0,1,0.5
0,1,1,0,0,1,1,1,0,0,1,0,0.34375
0,1,1,0,0,1,1,1,0,1,0,0,0.34375
0,1,1,0,0,1,1,1,0,1,1,1,0.5
0,1,1,0,0,1,1,1,1,0,0,0,0.34375
0,1,1,0,0,1,1,1,1,0,1,1,0.5
0,1,1,0,0,1,1,1,1,1,0,1,0.5
0,1,1,0,0,1,1,1,1,1,1,0,0.363281
0,1,1,0,1,0,0,0,0,0,0,1,0.5
0,1,1,0,1,0,0,0,0,0,1,0,0.3125
0,1,1,0,1,0,0,0,0,1,0,0,0.3125
0,1,1,0,1,0,0,0,0,1,1,1,0.5
0,1,1,0,1,0,0,0,1,0,0,0,0.3125
0,1,1,0,1,0,0,0,1,0,1,1,0.5
0,1,1,0,1,0,0,0,1,1,0,1,0.5
0,1,1,0,1,0,0,0,1,1,1,0,0.34375
0,1,1,0,1,0,0,1,0,0,0,0,0.3125
0,1,1,0,1,0,0,1,0,0,1,1,0.5
0,1,1,0,1,0,0,1,0,1,0,1,0.5
0,1,1,0,1,0,0,1,0,1,1,0,0.34375
0,1,1,0,1,0,0,1,1,0,0,1,0.5
0,1,1,0,1,0,0,1,1,0,1,0,0.34375
0,1,1,0,1,0,0,1,1,1,0,0,0.34375
0,1,1,0,1,0,0,1,1,1,1,1,0.5
0,1,1,0,1,0,1,0,0,0,0,0,0.3125
0,1,1,0,1,0,1,0,0,0,1,1,0.5
0,1,1,0,1,0,1,0,0,1,0,1,0.5
0,1,1,0,1,0,1,0,0,1,1,0,0.34375
0,1,1,0,1,0,1,0,1,0,0,1,0.5
0,1,1,0,1,0,1,0,1,0,1,0,0.34375
0,1,1,0,1,0,1,0,1,1,0,0,0.34375
0,1,1,0,1,0,1,0,1,1,1,1,0.5
0,1,1,0,1,0,1,1,0,0,0,1,0.5
0,1,1,0,1,0,1,1,0,0,1,0,0.34375
0,1,1,0,1,0,1,1,0,1,0,0,0.34375
0,1,1,0,1,0,1,1,0,1,1,1,0.5
0,1,1,0,1,0,1,1,1,0,0,0,0.34375
0,1,1,0,1,0,1,1,1,0,1,1,0.5
0,1,1,0,1,0,1,1,1,1,0,1,0.5
0,1,1,0,1,0,1,1,1,1,1,0,0.363281
0,1,1,0,1,1,0,0,0,0,0,0,0.3125
0,1,1,0,1,1,0,0,0,0,1,1,0.5
0,1,1,0,1,1,0,0,0,1,0,1,0.5
0,1,1,0,1,1,0,0,0,1,1,0,0.34375
0,1,1,0,1,1,0,0,1,0,0,1,0.5
0,1,1,0,1,1,0,0,1,0,1,0,0.34375
0,1,1,0,1,1,0,0,1,1,0,0,0.34375
0,1,1,0,1,1,0,0,1,1,1,1,0.5
0,1,1,0,1,1,0,1,0,0,0,1,0.5
0,1,1,0,1,1,0,1,0,0,1,0,0.34375
0,1,1,0,1,1,0,1,0,1,0,0,0.34375
0,1,1,0,1,1,0,1,0,1,1,1,0.5
0,1,1,0,1,1,0,1,1,0,0,0,0.34375
0,1,1,0,1,1,0,1,1,0,1,1,0.5
0,1,1,0,1,1,0,1,1,1,0,1,0.5
0,1,1,0,1,1,0,1,1,1,1,0,0.363281
0,1,1,0,1,1,1,0,0,0,0,1,0.5
0,1,1,0,1,1,1,0,0,0,1,0,0.34375
0,1,1,0,1,1,1,0,0,1,0,0,0.34375
0,1,1,0,1,1,1,0,0,1,1,1,0.5
0,1,1,0,1,1,1,0,1,0,0,0,0.34375
0,1,1,0,1,1,1,0,1,0,1,1,0.5
0,1,1,0,1,1,1,0,1,1,0,1,0.5
0,1,1,0,1,1,1,0,1,1,1,0,0.363281
0,1,1,0,1,1,1,1,0,0,0,0,0.34375
0,1,1,0,1,1,1,1,0,0,1,1,0.5
0,1,1,0,1,1,1,1,0,1,0,1,0.5
0,1,1,0,1,1,1,1,0,1,1,0,0.363281
0,1,1,0,1,1,1,1,1,0,0,1,0.5
0,1,1,0,1,1,1,1,1,0,1,0,0.363281
0,1,1,0,1,1,1,1,1,1,0,0,0.363281
0,1,1,0,1,1,1,1,1,1,1,1,0.5
0,1,1,1,0,0,0,0,0,0,0,1,0.5
0,1,1,1,0,0,0,0,0,0,1,0,0.3125
0,1,1,1,0,0,0,0,0,1,0,0,0.3125
0,1,1,1,0,0,0,0,0,1,1,1,0.5
0,1,1,1,0,0,0,0,1,0,0,0,0.3125
0,1,1,1,0,0,0,0,1,0,1,1,0.5
0,1,1,1,0,0,0,0,1,1,0,1,0.5
0,1,1,1,0,0,0,0,1,1,1,0,0.34375
0,1,1,1,0,0,0,1,0,0,0,0,0.3125
0,1,1,1,0,0,0,1,0,0,1,1,0.5
0,1,1,1,0,0,0,1,0,1,0,1,0.5
0,1,1,1,0,0,0,1,0,1,1,0,0.34375
0,1,1,1,0,0,0,1,1,0,0,1,0.5
0,1,1,1,0,0,0,1,1,0,1,0,0.34375
0,1,1,1,0,0,0,1,1,1,0,0,0.34375
0,1,1,1,0,0,0,1,1,1,1,1,0.5
0,1,1,1,0,0,1,0,0,0,0,0,0.3125
0,1,1,1,0,0,1,0,0,0,1,1,0.5
0,1,1,1,0,0,1,0,0,1,0,1,0.5
0,1,1,1,0,0,1,0,0,1,1,0,0.34375
0,1,1,1,0,0,1,0,1,0,0,1,0.5
0,1,1,1,0,0,1,0,1,0,1,0,0.34375
0,1,1,1,0,0,1,0,1,1,0,0,0.34375
0,1,1,1,0,0,1,0,1,1,1,1,0.5
0,1,1,1,0,0,1,1,0,0,0,1,0.5
0,1,1,1,0,0,1,1,0,0,1,0,0.34375
0,1,1,1,0,0,1,1,0,1,0,0,0.34375
0,1,1,1,0,0,1,1,0,1,1,1,0.5
0,1,1,1,0,0,1,1,1,0,0,0,0.34375
0,1,1,1,0,0,1,1,1,0,1,1,0.5
0,1,1,1,0,0,1,1,1,1,0,1,0.5
0,1,1,1,0,0,1,1,1,1,1,0,0.363281
0,1,1,1,0,1,0,0,0,0,0,0,0.3125
0,1,1,1,0,1,0,0,0,0,1,1,0.5
0,1,1,1,0,1,0,0,0,1,0,1,0.5
0,1,1,1,0,1,0,0,0,1,1,0,0.34375
0,1,1,1,0,1,0,0,1,0,0,1,0.5
0,1,1,1,0,1,0,0,1,0,1,0,0.34375
0,1,1,1,0,1,0,0,1,1,0,0,0.34375
0,1,1,1,0,1,0,0,1,1,1,1,0.5
0,1,1,1,0,1,0,1,0,0,0,1,0.5
0,1,1,1,0,1,0,1,0,0,1,0,0.34375
0,1,1,1,0,1,0,1,0,1,0,0,0.34375
0,1,1,1,0,1,0,1,0,1,1,1,0.5
0,1,1,1,0,1,0,1,1,0,0,0,0.34375
0,1,1,1,0,1,0,1,1,0,1,1,0.5
0,1,1,1,0,1,0,1,1,1,0,1,0.5
0,1,1,1,0,1,0,1,1,1,1,0,0.363281
0,1,1,1,0,1,1,0,0,0,0,1,0.5
0,1,1,1,0,1,1,0,0,0,1,0,0.34375
0,1,1,1,0,1,1,0,0,1,0,0,0.34375
0,1,1,1,0,1,1,0,0,1,1,1,0.5
0,1,1,1,0,1,1,0,1,0,0,0,0.34375
0,1,1,1,0,1,1,0,1,0,1,1,0.5
0,1,1,1,0,1,1,0,1,1,0,1,0.5
0,1,1,1,0,1,1,0,1,1,1,0,0.363281
0,1,1,1,0,1,1,1,0,0,0,0,0.34375
0,1,1,1,0,1,1,1,0,0,1,1,0.5
0,1,1,1,0,1,1,1,0,1,0,1,0.5
0,1,1,1,0,1,1,1,0,1,1,0,0.363281
0,1,1,1,0,1,1,1,1,0,0,1,0.5
0,1,1,1,0,1,1,1,1,0,1,0,0.363281
0,1,1,1,0,1,1,1,1,1,0,0,0.363281
0,1,1,1,0,1,1,1,1,1,1,1,0.5
0,1,1,1,1,0,0,0,0,0,0,0,0.3125
0,1,1,1,1,0,0,0,0,0,1,1,0.5
0,1,1,1,1,0,0,0,0,1,0,1,0.5
0,1,1,1,1,0,0,0,0,1,1,0,0.34375
0,1,1,1,1,0,0,0,1,0,0,1,0.5
0,1,1,1,1,0,0,0,1,0,1,0,0.34375
0,1,1,1,1,0,0,0,1,1,0,0,0.34375
0,1,1,1,1,0,0,0,1,1,1,1,0.5
0,1,1,1,1,0,0,1,0,0,0,1,0.5
0,1,1,1,1,0,0,1,0,0,1,0,0.34375
0,1,1,1,1,0,0,1,0,1,0,0,0.34375
0,1,1,1,1,0,0,1,0,1,1,1,0.5
0,1,1,1,1,0,0,1,1,0,0,0,0.34375
0,1,1,1,1,0,0,1,1,0,1,1,0.5
0,1,1,1,1,0,0,1,1,1,0,1,0.5
0,1,1,1,1,0,0,1,1,1,1,0,0.363281
0,1,1,1,1,0,1,0,0,0,0,1,0.5
0,1,1,1,1,0,1,0,0,0,1,0,0.34375
0,1,1,1,1,0,1,0,0,1,0,0,0.34375
0,1,1,1,1,0,1,0,0,1,1,1,0.5
0,1,1,1,1,0,1,0,1,0,0,0,0.34375
0,1,1,1,1,0,1,0,1,0,1,1,0.5
0,1,1,1,1,0,1,0,1,1,0,1,0.5
0,1,1,1,1,0,1,0,1,1,1,0,0.363281
0,1,1,1,1,0,1,1,0,0,0,0,0.34375
0,1,1,1,1,0,1,1,0,0,1,1,0.5
0,1,1,1,1,0,1,1,0,1,0,1,0.5
0,1,1,1,1,0,1,1,0,1,1,0,0.363281
0,1,1,1,1,0,1,1,1,0,0,1,0.5
0,1,1,1,1,0,1,1,1,0,1,0,0.363281
0,1,1,1,1,0,1,1,1,1,0,0,0.363281
0,1,1,1,1,0,1,1,1,1,1,1,0.5
0,1,1,1,1,1,0,0,0,0,0,1,0.5
0,1,1,1,1,1,0,0,0,0,1,0,0.34375
0,1,1,1,1,1,0,0,0,1,0,0,0.34375
0,1,1,1,1,1,0,0,0,1,1,1,0.5
0,1,1,1,1,1,0,0,1,0,0,0,0.34375
0,1,1,1,1,1,0,0,1,0,1,1,0.5
0,1,1,1,1,1,0,0,1,1,0,1,0.5
0,1,1,1,1,1,0,0,1,1,1,0,0.363281
0,1,1,1,1,1,0,1,0,0,0,0,0.34375
0,1,1,1,1,1,0,1,0,0,1,1,0.5
0,1,1,1,1,1,0,1,0,1,0,1,0.5
0,1,1,1,1,1,0,1,0,1,1,0,0.363281
0,1,1,1,1,1,0,1,1,0,0,1,0.5
0,1,1,1,1,1,0,1,1,0,1,0,0.363281
0,1,1,1,1,1,0,1,1,1,0,0,0.363281
0,1,1,1,1,1,0,1,1,1,1,1,0.5
0,1,1,1,1,1,1,0,0,0,0,0,0.34375
0,1,1,1,1,1,1,0,0,0,1,1,0.5
0,1,1,1,1,1,1,0,0,1,0,1,0.5
0,1,1,1,1,1,1,0,0,1,1,0,0.363281
0,1,1,1,1,1,1,0,1,0,0,1,0.5
0,1,1,1,1,1,1,0,1,0,1,0,0.363281
0,1,1,1,1,1,1,0,1,1,0,0,0.363281
0,1,1,1,1,1,1,0,1,1,1,1,0.5
0,1,1,1,1,1,1,1,0,0,0,1,0.5
0,1,1,1,1,1,1,1,0,0,1,0,0.363281
0,1,1,1,1,1,1,1,0,1,0,0,0.363281
0,1,1,1,1,1,1,1,0,1,1,1,0.5
0,1,1,1,1,1,1,1,1,0,0,0,0.363281
0,1,1,1,1,1,1,1,1,0,1,1,0.5
0,1,1,1,1,1,1,1,1,1,0,1,0.5
0,1,1,1,1,1,1,1,1,1,1,0,0.376953
1,0,0,0,0,0,0,0,0,0,0,1,0.5
1,0,0,0,0,0,0,0,0,0,1,0,0.25
1,0,0,0,0,0,0,0,0,1,0,0,0.25
1,0,0,0,0,0,0,0,0,1,1,1,0.5
1,0,0,0,0,0,0,0,1,0,0,0,0.25
1,0,0,0,0,0,0,0,1,0,1,1,0.5
1,0,0,0,0,0,0,0,1,1,0,1,0.5
1,0,0,0,0,0,0,0,1,1,1,0,0.3125
1,0,0,0,0,0,0,1,0,0,0,0,0.25
1,0,0,0,0,0,0,1,0,0,1,1,0.5
1,0,0,0,0,0,0,1,0,1,0,1,0.5
1,0,0,0,0,0,0,1,0,1,1,0,0.3125
1,0,0,0,0,0,0,1,1,0,0,1,0.5
1,0,0,0,0,0,0,1,1,0,1,0,0.3125
1,0,0,0,0,0,0,1,1,1,0,0,0.3125
1,0,0,0,0,0,0,1,1,1,1,1,0.5
1,0,0,0,0,0,1,0,0,0,0,0,0.25
1,0,0,0,0,0,1,0,0,0,1,1,0.5
1,0,0,0,0,0,1,0,0,1,0,1,0.5
1,0,0,0,0,0,1,0,0,1,1,0,0.3125
1,0,0,0,0,0,1,0,1,0,0,1,0.5
1,0,0,0,0,0,1,0,1,0,1,0,0.3125
1,0,0,0,0,0,1,0,1,1,0,0,0.3125
1,0,0,0,0,0,1,0,1,1,1,1,0.5
1,0,0,0,0,0,1,1,0,0,0,1,0.5
1,0,0,0,0,0,1,1,0,0,1,0,0.3125
1,0,0,0,0,0,1,1,0,1,0,0,0.3125
1,0,0,0,0,0,1,1,0,1,1,1,0.5
1,0,0,0,0,0,1,1,1,0,0,0,0.3125
1,0,0,0,0,0,1,1,1,0,1,1,0.5
1,0,0,0,0,0,1,1,1,1,0,1,0.5
1,0,0,0,0,0,1,1,1,1,1,0,0.34375
1,0,0,0,0,1,0,0,0,0,0,0,0.25
1,0,0,0,0,1,0,0,0,0,1,1,0.5
1,0,0,0,0,1,0,0,0,1,0,1,0.5
1,0,0,0,0,1,0,0,0,1,1,0,0.3125
1,0,0,0,0,1,0,0,1,0,0,1,0.5
1,0,0,0,0,1,0,0,1,0,1,0,0.3125
1,0,0,0,0,1,0,0,1,1,0,0,0.3125
1,0,0,0,0,1,0,0,1,1,1,1,0.5
1,0,0,0,0,1,0,1,0,0,0,1,0.5
1,0,0,0,0,1,0,1,0,0,1,0,0.3125
1,0,0,0,0,1,0,1,0,1,0,0,0.3125
1,0,0,0,0,1,0,1,0,1,1,1,0.5
1,0,0,0,0,1,0,1,1,0,0,0,0.3125
1,0,0,0,0,1,0,1,1,0,1,1,0.5
1,0,0,0,0,1,0,1,1,1,0,1,0.5
1,0,0,0,0,1,0,1,1,1,1,0,0.34375
1,0,0,0,0,1,1,0,0,0,0,1,0.5
1,0,0,0,0,1,1,0,0,0,1,0,0.3125
1,0,0,0,0,1,1,0,0,1,0,0,0.3125
1,0,0,0,0,1,1,0,0,1,1,1,0.5
1,0,0,0,0,1,1,0,1,0,0,0,0.3125
1,0,0,0,0,1,1,0,1,0,1,1,0.5
1,0,0,0,0,1,1,0,1,1,0,1,0.5
1,0,0,0,0,1,1,0,1,1,1,0,0.34375
1,0,0,0,0,1,1,1,0,0,0,0,0.3125
1,0,0,0,0,1,1,1,0,0,1,1,0.5
1,0,0,0,0,1,1,1,0,1,0,1,0.5
1,0,0,0,0,1,1,1,0,1,1,0,0.34375
1,0,0,0,0,1,1,1,1,0,0,1,0.5
1,0,0,0,0,1,1,1,1,0,1,0,0.34375
1,0,0,0,0,1,1,1,1,1,0,0,0.34375
1,0,0,0,0,1,1,1,1,1,1,1,0.5
1,0,0,0,1,0,0,0,0,0,0,0,0.25
1,0,0,0,1,0,0,0,0,0,1,1,0.5
1,0,0,0,1,0,0,0,0,1,0,1,0.5
1,0,0,0,1,0,0,0,0,1,1,0,0.3125
1,0,0,0,1,0,0,0,1,0,0,1,0.5
1,0,0,0,1,0,0,0,1,0,1,0,0.3125
1,0,0,0,1,0,0,0,1,1,0,0,0.3125
1,0,0,0,1,0,0,0,1,1,1,1,0.5
1,0,0,0,1,0,0,1,0,0,0,1,0.5
1,0,0,0,1,0,0,1,0,0,1,0,0.3125
1,0,0,0,1,0,0,1,0,1,0,0,0.3125
1,0,0,0,1,0,0,1,0,1,1,1,0.5
1,0,0,0,1,0,0,1,1,0,0,0,0.3125
1,0,0,0,1,0,0,1,1,0,1,1,0.5
1,0,0,0,1,0,0,1,1,1,0,1,0.5
1,0,0,0,1,0,0,1,1,1,1,0,0.34375
1,0,0,0,1,0,1,0,0,0,0,1,0.5
1,0,0,0,1,0,1,0,0,0,1,0,0.3125
1,0,0,0,1,0,1,0,0,1,0,0,0.3125
1,0,0,0,1,0,1,0,0,1,1,1,0.5
1,0,0,0,1,0,1,0,1,0,0,0,0.3125
1,0,0,0,1,0,1,0,1,0,1,1,0.5
1,0,0,0,1,0,1,0,1,1,0,1,0.5
1,0,0,0,1,0,1,0,1,1,1,0,0.34375
1,0,0,0,1,0,1,1,0,0,0,0,0.3125
1,0,0,0,1,0,1,1,0,0,1,1,0.5
1,0,0,0,1,0,1,1,0,1,0,1,0.5
1,0,0,0,1,0,1,1,0,1,1,0,0.34375
1,0,0,0,1,0,1,1,1,0,0,1,0.5
1,0,0,0,1,0,1,1,1,0,1,0,0.34375
1,0,0,0,1,0,1,1,1,1,0,0,0.34375
1,0,0,0,1,0,1,1,1,1,1,1,0.5
1,0,0,0,1,1,0,0,0,0,0,1,0.5
1,0,0,0,1,1,0,0,0,0,1,0,0.3125
1,0,0,0,1,1,0,0,0,1,0,0,0.3125
1,0,0,0,1,1,0,0,0,1,1,1,0.5
1,0,0,0,1,1,0,0,1,0,0,0,0.3125
1,0,0,0,1,1,0,0,1,0,1,1,0.5
1,0,0,0,1,1,0,0,1,1,0,1,0.5
1,0,0,0,1,1,0,0,1,1,1,0,0.34375
1,0,0,0,1,1,0,1,0,0,0,0,0.3125
1,0,0,0,1,1,0,1,0,0,1,1,0.5
1,0,0,0,1,1,0,1,0,1,0,1,0.5
1,0,0,0,1,1,0,1,0,1,1,0,0.34375
1,0,0,0,1,1,0,1,1,0,0,1,0.5
1,0,0,0,1,1,0,1,1,0,1,0,0.34375
1,0,0,0,1,1,0,1,1,1,0,0,0.34375
1,0,0,0,1,1,0,1,1,1,1,1,0.5
1,0,0,0,1,1,1,0,0,0,0,0,0.3125
1,0,0,0,1,1,1,0,0,0,1,1,0.5
1,0,0,0,1,1,1,0,0,1,0,1,0.5
1,0,0,0,1,1,1,0,0,1,1,0,0.34375
1,0,0,0,1,1,1,0,1,0,0,1,0.5
1,0,0,0,1,1,1,0,1,0,1,0,0.34375
1,0,0,0,1,1,1,0,1,1,0,0,0.34375
1,0,0,0,1,1,1,0,1,1,1,1,0.5
1,0,0,0,1,1,1,1,0,0,0,1,0.5
1,0,0,0,1,1,1,1,0,0,1,0,0.34375
1,0,0,0,1,1,1,1,0,1,0,0,0.34375
1,0,0,0,1,1,1,1,0,1,1,1,0.5
1,0,0,0,1,1,1,1,1,0,0,0,0.34375
1,0,0,0,1,1,1,1,1,0,1,1,0.5
1,0,0,0,1,1,1,1,1,1,0,1,0.5
1,0,0,0,1,1,1,1,1,1,1,0,0.363281
1,0,0,1,0,0,0,0,0,0,0,0,0.25
1,0,0,1,0,0,0,0,0,0,1,1,0.5
1,0,0,1,0,0,0,0,0,1,0,1,0.5
1,0,0,1,0,0,0,0,0,1,1,0,0.3125
1,0,0,1,0,0,0,0,1,0,0,1,0.5
1,0,0,1,0,0,0,0,1,0,1,0,0.3125
1,0,0,1,0,0,0,0,1,1,0,0,0.3125
1,0,0,1,0,0,0,0,1,1,1,1,0.5
1,0,0,1,0,0,0,1,0,0,0,1,0.5
1,0,0,1,0,0,0,1,0,0,1,0,0.3125
1,0,0,1,0,0,0,1,0,1,0,0,0.3125
1,0,0,1,0,0,0,1,0,1,1,1,0.5
1,0,0,1,0,0,0,1,1,0,0,0,0.3125
1,0,0,1,0,0,0,1,1,0,1,1,0.5
1,0,0,1,0,0,0,1,1,1,0,1,0.5
1,0,0,1,0,0,0,1,1,1,1,0,0.34375
1,0,0,1,0,0,1,0,0,0,0,1,0.5
1,0,0,1,0,0,1,0,0,0,1,0,0.3125
1,0,0,1,0,0,1,0,0,1,0,0,0.3125
1,0,0,1,0,0,1,0,0,1,1,1,0.5
1,0,0,1,0,0,1,0,1,0,0,0,0.3125
1,0,0,1,0,0,1,0,1,0,1,1,0.5
1,0,0,1,0,0,1,0,1,1,0,1,0.5
1,0,0,1,0,0,1,0,1,1,1,0,0.34375
1,0,0,1,0,0,1,1,0,0,0,0,0.3125
1,0,0,1,0,0,1,1,0,0,1,1,0.5
1,0,0,1,0,0,1,1,0,1,0,1,0.5
1,0,0,1,0,0,1,1,0,1,1,0,0.34375
1,0,0,1,0,0,1,1,1,0,0,1,0.5
1,0,0,1,0,0,1,1,1,0,1,0,0.34375
1,0,0,1,0,0,1,1,1,1,0,0,0.34375
1,0,0,1,0,0,1,1,1,1,1,1,0.5
1,0,0,1,0,1,0,0,0,0,0,1,0.5
1,0,0,1,0,1,0,0,0,0,1,0,0.3125
1,0,0,1,0,1,0,0,0,1,0,0,0.3125
1,0,0,1,0,1,0,0,0,1,1,1,0.5
1,0,0,1,0,1,0,0,1,0,0,0,0.3125
1,0,0,1,0,1,0,0,1,0,1,1,0.5
1,0,0,1,0,1,0,0,1,1,0,1,0.5
1,0,0,1,0,1,0,0,1,1,1,0,0.34375
1,0,0,1,0,1,0,1,0,0,0,0,0.3125
1,0,0,1,0,1,0,1,0,0,1,1,0.5
1,0,0,1,0,1,0,1,0,1,0,1,0.5
1,0,0,1,0,1,0,1,0,1,1,0,0.34375
1,0,0,1,0,1,0,1,1,0,0,1,0.5
1,0,0,1,0,1,0,1,1,0,1,0,0.34375
1,0,0,1,0,1,0,1,1,1,0,0,0.34375
1,0,0,1,0,1,0,1,1,1,1,1,0.5
1,0,0,1,0,1,1,0,0,0,0,0,0.3125
1,0,0,1,0,1,1,0,0,0,1,1,0.5
1,0,0,1,0,1,1,0,0,1,0,1,0.5
1,0,0,1,0,1,1,0,0,1,1,0,0.34375
1,0,0,1,0,1,1,0,1,0,0,1,0.5
1,0,0,1,0,1,1,0,1,0,1,0,0.34375
1,0,0,1,0,1,1,0,1,1,0,0,0.34375
1,0,0,1,0,1,1,0,1,1,1,1,0.5
1,0,0,1,0,1,1,1,0,0,0,1,0.5
1,0,0,1,0,1,1,1,0,0,1,0,0.34375
1,0,0,1,0,1,1,1,0,1,0,0,0.34375
1,0,0,1,0,1,1,1,0,1,1,1,0.5
1,0,0,1,0,1,1,1,1,0,0,0,0.34375
1,0,0,1,0,1,1,1,1,0,1,1,0.5
1,0,0,1,0,1,1,1,1,1,0,1,0.5
1,0,0,1,0,1,1,1,1,1,1,0,0.363281
1,0,0,1,1,0,0,0,0,0,0,1,0.5
1,0,0,1,1,0,0,0,0,0,1,0,0.3125
1,0,0,1,1,0,0,0,0,1,0,0,0.3125
1,0,0,1,1,0,0,0,0,1,1,1,0.5
1,0,0,1,1,0,0,0,1,0,0,0,0.3125
1,0,0,1,1,0,0,0,1,0,1,1,0.5
1,0,0,1,1,0,0,0,1,1,0,1,0.5
1,0,0,1,1,0,0,0,1,1,1,0,0.34375
1,0,0,1,1,0,0,1,0,0,0,0,0.3125
1,0,0,1,1,0,0,1,0,0,1,1,0.5
1,0,0,1,1,0,0,1,0,1,0,1,0.5
1,0,0,1,1,0,0,1,0,1,1,0,0.34375
1,0,0,1,1,0,0,1,1,0,0,1,0.5
1,0,0,1,1,0,0,1,1,0,1,0,0.34375
1,0,0,1,1,0,0,1,1,1,0,0,0.34375
1,0,0,1,1,0,0,1,1,1,1,1,0.5
1,0,0,1,1,0,1,0,0,0,0,0,0.3125
1,0,0,1,1,0,1,0,0,0,1,1,0.5
1,0,0,1,1,0,1,0,0,1,0,1,0.5
1,0,0,1,1,0,1,0,0,1,1,0,0.34375
1,0,0,1,1,0,1,0,1,0,0,1,0.5
1,0,0,1,1,0,1,0,1,0,1,0,0.34375
1,0,0,1,1,0,1,0,1,1,0,0,0.34375
1,0,0,1,1,0,1,0,1,1,1,1,0.5
1,0,0,1,1,0,1,1,0,0,0,1,0.5
1,0,0,1,1,0,1,1,0,0,1,0,0.34375
1,0,0,1,1,0,1,1,0,1,0,0,0.34375
1,0,0,1,1,0,1,1,0,1,1,1,0.5
1,0,0,1,1,0,1,1,1,0,0,0,0.34375
1,0,0,1,1,0,1,1,1,0,1,1,0.5
1,0,0,1,1,0,1,1,1,1,0,1,0.5
1,0,0,1,1,0,1,1,1,1,1,0,0.363281
1,0,0,1,1,1,0,0,0,0,0,0,0.3125
1,0,0,1,1,1,0,0,0,0,1,1,0.5
1,0,0,1,1,1,0,0,0,1,0,1,0.5
1,0,0,1,1,1,0,0,0,1,1,0,0.34375
1,0,0,1,1,1,0,0,1,0,0,1,0.5
1,0,0,1,1,1,0,0,1,0,1,0,0.34375
1,0,0,1,1,1,0,0,1,1,0,0,0.34375
1,0,0,1,1,1,0,0,1,1,1,1,0.5
1,0,0,1,1,1,0,1,0,0,0,1,0.5
1,0,0,1,1,1,0,1,0,0,1,0,0.34375
1,0,0,1,1,1,0,1,0,1,0,0,0.34375
1,0,0,1,1,1,0,1,0,1,1,1,0.5
1,0,0,1,1,1,0,1,1,0,0,0,0.34375
1,0,0,1,1,1,0,1,1,0,1,1,0.5
1,0,0,1,1,1,0,1,1,1,0,1,0.5
1,0,0,1,1,1,0,1,1,1,1,0,0.363281
1,0,0,1,1,1,1,0,0,0,0,1,0.5
1,0,0,1,1,1,1,0,0,0,1,0,0.34375
1,0,0,1,1,1,1,0,0,1,0,0,0.34375
1,0,0,1,1,1,1,0,0,1,1,1,0.5
1,0,0,1,1,1,1,0,1,0,0,0,0.34375
1,0,0,1,1,1,1,0,1,0,1,1,0.5
1,0,0,1,1,1,1,0,1,1,0,1,0.5
1,0,0,1,1,1,1,0,1,1,1,0,0.363281
1,0,0,1,1,1,1,1,0,0,0,0,0.34375
1,0,0,1,1,1,1,1,0,0,1,1,0.5
1,0,0,1,1,1,1,1,0,1,0,1,0.5
1,0,0,1,1,1,1,1,0,1,1,0,0.363281
1,0,0,1,1,1,1,1,1,0,0,1,0.5
1,0,0,1,1,1,1,1,1,0,1,0,0.363281
1,0,0,1,1,1,1,1,1,1,0,0,0.363281
1,0,0,1,1,1,1,1,1,1,1,1,0.5
1,0,1,0,0,0,0,0,0,0,0,0,0.25
1,0,1,0,0,0,0,0,0,0,1,1,0.5
1,0,1,0,0,0,0,0,0,1,0,1,0.5
1,0,1,0,0,0,0,0,0,1,1,0,0.3125
1,0,1,0,0,0,0,0,1,0,0,1,0.5
1,0,1,0,0,0,0,0,1,0,1,0,0.3125
1,0,1,0,0,0,0,0,1,1,0,0,0.3125
1,0,1,0,0,0,0,0,1,1,1,1,0.5
1,0,1,0,0,0,0,1,0,0,0,1,0.5
1,0,1,0,0,0,0,1,0,0,1,0,0.3125
1,0,1,0,0,0,0,1,0,1,0,0,0.3125
1,0,1,0,0,0,0,1,0,1,1,1,0.5
1,0,1,0,0,0,0,1,1,0,0,0,0.3125
1,0,1,0,0,0,0,1,1,0,1,1,0.5
1,0,1,0,0,0,0,1,1,1,0,1,0.5
1,0,1,0,0,0,0,1,1,1,1,0,0.34375
1,0,1,0,0,0,1,0,0,0,0,1,0.5
1,0,1,0,0,0,1,0,0,0,1,0,0.3125
1,0,1,0,0,0,1,0,0,1,0,0,0.3125
1,0,1,0,0,0,1,0,0,1,1,1,0.5
1,0,1,0,0,0,1,0,1,0,0,0,0.3125
1,0,1,0,0,0,1,0,1,0,1,1,0.5
1,0,1,0,0,0,1,0,1,1,0,1,0.5
1,0,1,0,0,0,1,0,1,1,1,0,0.34375
1,0,1,0,0,0,1,1,0,0,0,0,0.3125
1,0,1,0,0,0,1,1,0,0,1,1,0.5
1,0,1,0,0,0,1,1,0,1,0,1,0.5
1,0,1,0,0,0,1,1,0,1,1,0,0.34375
1,0,1,0,0,0,1,1,1,0,0,1,0.5
1,0,1,0,0,0,1,1,1,0,1,0,0.34375
1,0,1,0,0,0,1,1,1,1,0,0,0.34375
1,0,1,0,0,0,1,1,1,1,1,1,0.5
1,0,1,0,0,1,0,0,0,0,0,1,0.5
1,0,1,0,0,1,0,0,0,0,1,0,0.3125
1,0,1,0,0,1,0,0,0,1,0,0,0.3125
1,0,1,0,0,1,0,0,0,1,1,1,0.5
1,0,1,0,0,1,0,0,1,0,0,0,0.3125
1,0,1,0,0,1,0,0,1,0,1,1,0.5
1,0,1,0,0,1,0,0,1,1,0,1,0.5
1,0,1,0,0,1,0,0,1,1,1,0,0.34375
1,0,1,0,0,1,0,1,0,0,0,0,0.3125
1,0,1,0,0,1,0,1,0,0,1,1,0.5
1,0,1,0,0,1,0,1,0,1,0,1,0.5
1,0,1,0,0,1,0,1,0,1,1,0,0.34375
1,0,1,0,0,1,0,1,1,0,0,1,0.5
1,0,1,0,0,1,0,1,1,0,1,0,0.34375
1,0,1,0,0,1,0,1,1,1,0,0,0.34375
1,0,1,0,0,1,0,1,1,1,1,1,0.5
1,0,1,0,0,1,1,0,0,0,0,0,0.3125
1,0,1,0,0,1,1,0,0,0,1,1,0.5
1,0,1,0,0,1,1,0,0,1,0,1,0.5
1,0,1,0,0,1,1,0,0,1,1,0,0.34375
1,0,1,0,0,1,1,0,1,0,0,1,0.5
1,0,1,0,0,1,1,0,1,0,1,0,0.34375
1,0,1,0,0,1,1,0,1,1,0,0,0.34375
1,0,1,0,0,1,1,0,1,1,1,1,0.5
1,0,1,0,0,1,1,1,0,0,0,1,0.5
1,0,1,0,0,1,1,1,0,0,1,0,0.34375
1,0,1,0,0,1,1,1,0,1,0,0,0.34375
1,0,1,0,0,1,1,1,0,1,1,1,0.5
1,0,1,0,0,1,1,1,1,0,0,0,0.34375
1,0,1,0,0,1,1,1,1,0,1,1,0.5
1,0,1,0,0,1,1,1,1,1,0,1,0.5
1,0,1,0,0,1,1,1,1,1,1,0,0.363281
1,0,1,0,1,0,0,0,0,0,0,1,0.5
1,0,1,0,1,0,0,0,0,0,1,0,0.3125
1,0,1,0,1,0,0,0,0,1,0,0,0.3125
1,0,1,0,1,0,0,0,0,1,1,1,0.5
1,0,1,0,1,0,0,0,1,0,0,0,0.3125
1,0,1,0,1,0,0,0,1,0,1,1,0.5
1,0,1,0,1,0,0,0,1,1,0,1,0.5
1,0,1,0,1,0,0,0,1,1,1,0,0.34375
1,0,1,0,1,0,0,1,0,0,0,0,0.3125
1,0,1,0,1,0,0,1,0,0,1,1,0.5
1,0,1,0,1,0,0,1,0,1,0,1,0.5
1,0,1,0,1,0,0,1,0,1,1,0,0.34375
1,0,1,0,1,0,0,1,1,0,0,1,0.5
1,0,1,0,1,0,0,1,1,0,1,0,0.34375
1,0,1,0,1,0,0,1,1,1,0,0,0.34375
1,0,1,0,1,0,0,1,1,1,1,1,0.5
1,0,1,0,1,0,1,0,0,0,0,0,0.3125
1,0,1,0,1,0,1,0,0,0,1,1,0.5
1,0,1,0,1,0,1,0,0,1,0,1,0.5
1,0,1,0,1,0,1,0,0,1,1,0,0.34375
1,0,1,0,1,0,1,0,1,0,0,1,0.5
1,0,1,0,1,0,1,0,1,0,1,0,0.34375
1,0,1,0,1,0,1,0,1,1,0,0,0.34375
1,0,1,0,1,0,1,0,1,1,1,1,0.5
1,0,1,0,1,0,1,1,0,0,0,1,0.5
1,0,1,0,1,0,1,1,0,0,1,0,0.34375
1,0,1,0,1,0,1,1,0,1,0,0,0.34375
1,0,1,0,1,0,1,1,0,1,1,1,0.5
1,0,1,0,1,0,1,1,1,0,0,0,0.34375
1,0,1,0,1,0,1,1,1,0,1,1,0.5
1,0,1,0,1,0,1,1,1,1,0,1,0.5
1,0,1,0,1,0,1,1,1,1,1,0,0.363281
1,0,1,0,1,1,0,0,0,0,0,0,0.3125
1,0,1,0,1,1,0,0,0,0,1,1,0.5
1,0,1,0,1,1,0,0,0,1,0,1,0.5
1,0,1,0,1,1,0,0,0,1,1,0,0.34375
1,0,1,0,1,1,0,0,1,0,0,1,0.5
1,0,1,0,1,1,0,0,1,0,1,0,0.34375
1,0,1,0,1,1,0,0,1,1,0,0,0.34375
1,0,1,0,1,1,0,0,1,1,1,1,0.5
1,0,1,0,1,1,0,1,0,0,0,1,0.5
1,0,1,0,1,1,0,1,0,0,1,0,0.34375
1,0,1,0,1,1,0,1,0,1,0,0,0.34375
1,0,1,0,1,1,0,1,0,1,1,1,0.5
1,0,1,0,1,1,0,1,1,0,0,0,0.34375
1,0,1,0,1,1,0,1,1,0,1,1,0.5
1,0,1,0,1,1,0,1,1,1,0,1,0.5
1,0,1,0,1,1,0,1,1,1,1,0,0.363281
1,0,1,0,1,1,1,0,0,0,0,1,0.5
1,0,1,0,1,1,1,0,0,0,1,0,0.34375
1,0,1,0,1,1,1,0,0,1,0,0,0.34375
1,0,1,0,1,1,1,0,0,1,1,1,0.5
1,0,1,0,1,1,1,0,1,0,0,0,0.34375
1,0,1,0,1,1,1,0,1,0,1,1,0.5
1,0,1,0,1,1,1,0,1,1,0,1,0.5
1,0,1,0,1,1,1,0,1,1,1,0,0.363281
1,0,1,0,1,1,1,1,0,0,0,0,0.34375
1,0,1,0,1,1,1,1,0,0,1,1,0.5
1,0,1,0,1,1,1,1,0,1,0,1,0.5
1,0,1,0,1,1,1,1,0,1,1,0,0.363281
1,0,1,0,1,1,1,1,1,0,0,1,0.5
1,0,1,0,1,1,1,1,1,0,1,0,0.363281
1,0,1,0,1,1,1,1,1,1,0,0,0.363281
1,0,1,0,1,1,1,1,1,1,1,1,0.5
1,0,1,1,0,0,0,0,0,0,0,1,0.5
1,0,1,1,0,0,0,0,0,0,1,0,0.3125
1,0,1,1,0,0,0,0,0,1,0,0,0.3125
1,0,1,1,0,0,0,0,0,1,1,1,0.5
1,0,1,1,0,0,0,0,1,0,0,0,0.3125
1,0,1,1,0,0,0,0,1,0,1,1,0.5
1,0,1,1,0,0,0,0,1,1,0,1,0.5
1,0,1,1,0,0,0,0,1,1,1,0,0.34375
1,0,1,1,0,0,0,1,0,0,0,0,0.3125
1,0,1,1,0,0,0,1,0,0,1,1,0.5
1,0,1,1,0,0,0,1,0,1,0,1,0.5
1,0,1,1,0,0,0,1,0,1,1,0,0.34375
1,0,1,1,0,0,0,1,1,0,0,1,0.5
1,0,1,1,0,0,0,1,1,0,1,0,0.34375
1,0,1,1,0,0,0,1,1,1,0,0,0.34375
1,0,1,1,0,0,0,1,1,1,1,1,0.5
1,0,1,1,0,0,1,0,0,0,0,0,0.3125
1,0,1,1,0,0,1,0,0,0,1,1,0.5
1,0,1,1,0,0,1,0,0,1,0,1,0.5
1,0,1,1,0,0,1,0,0,1,1,0,0.34375
1,0,1,1,0,0,1,0,1,0,0,1,0.5
1,0,1,1,0,0,1,0,1,0,1,0,0.34375
1,0,1,1,0,0,1,0,1,1,0,0,0.34375
1,0,1,1,0,0,1,0,1,1,1,1,0.5
1,0,1,1,0,0,1,1,0,0,0,1,0.5
1,0,1,1,0,0,1,1,0,0,1,0,0.34375
1,0,1,1,0,0,1,1,0,1,0,0,0.34375
1,0,1,1,0,0,1,1,0,1,1,1,0.5
1,0,1,1,0,0,1,1,1,0,0,0,0.34375
1,0,1,1,0,0,1,1,1,0,1,1,0.5
1,0,1,1,0,0,1,1,1,1,0,1,0.5
1,0,1,1,0,0,1,1,1,1,1,0,0.363281
1,0,1,1,0,1,0,0,0,0,0,0,0.3125
1,0,1,1,0,1,0,0,0,0,1,1,0.5
1,0,1,1,0,1,0,0,0,1,0,1,0.5
1,0,1,1,0,1,0,0,0,1,1,0,0.34375
1,0,1,1,0,1,0,0,1,0,0,1,0.5
1,0,1,1,0,1,0,0,1,0,1,0,0.34375
1,0,1,1,0,1,0,0,1,1,0,0,0.34375
1,0,1,1,0,1,0,0,1,1,1,1,0.5
1,0,1,1,0,1,0,1,0,0,0,1,0.5
1,0,1,1,0,1,0,1,0,0,1,0,0.34375
1,0,1,1,0,1,0,1,0,1,0,0,0.34375
1,0,1,1,0,1,0,1,0,1,1,1,0.5
1,0,1,1,0,1,0,1,1,0,0,0,0.34375
1,0,1,1,0,1,0,1,1,0,1,1,0.5
1,0,1,1,0,1,0,1,1,1,0,1,0.5
1,0,1,1,0,1,0,1,1,1,1,0,0.363281
1,0,1,1,0,1,1,0,0,0,0,1,0.5
1,0,1,1,0,1,1,0,0,0,1,0,0.34375
1,0,1,1,0,1,1,0,0,1,0,0,0.34375
1,0,1,1,0,1,1,0,0,1,1,1,0.5
1,0,1,1,0,1,1,0,1,0,0,0,0.34375
1,0,1,1,0,1,1,0,1,0,1,1,0.5
1,0,1,1,0,1,1,0,1,1,0,1,0.5
1,0,1,1,0,1,1,0,1,1,1,0,0.363281
1,0,1,1,0,1,1,1,0,0,0,0,0.34375
1,0,1,1,0,1,1,1,0,0,1,1,0.5
1,0,1,1,0,1,1,1,0,1,0,1,0.5
1,0,1,1,0,1,1,1,0,1,1,0,0.363281
1,0,1,1,0,1,1,1,1,0,0,1,0.5
1,0,1,1,0,1,1,1,1,0,1,0,0.363281
1,0,1,1,0,1,1,1,1,1,0,0,0.363281
1,0,1,1,0,1,1,1,1,1,1,1,0.5
1,0,1,1,1,0,0,0,0,0,0,0,0.3125
1,0,1,1,1,0,0,0,0,0,1,1,0.5
1,0,1,1,1,0,0,0,0,1,0,1,0.5
1,0,1,1,1,0,0,0,0,1,1,0,0.34375
1,0,1,1,1,0,0,0,1,0,0,1,0.5
1,0,1,1,1,0,0,0,1,0,1,0,0.34375
1,0,1,1,1,0,0,0,1,1,0,0,0.34375
1,0,1,1,1,0,0,0,1,1,1,1,0.5
1,0,1,1,1,0,0,1,0,0,0,1,0.5
1,0,1,1,1,0,0,1,0,0,1,0,0.34375
1,0,1,1,1,0,0,1,0,1,0,0,0.34375
1,0,1,1,1,0,0,1,0,1,1,1,0.5
1,0,1,1,1,0,0,1,1,0,0,0,0.34375
1,0,1,1,1,0,0,1,1,0,1,1,0.5
1,0,1,1,1,0,0,1,1,1,0,1,0.5
1,0,1,1,1,0,0,1,1,1,1,0,0.363281
1,0,1,1,1,0,1,0,0,0,0,1,0.5
1,0,1,1,1,0,1,0,0,0,1,0,0.34375
1,0,1,1,1,0,1,0,0,1,0,0,0.34375
1,0,1,1,1,0,1,0,0,1,1,1,0.5
1,0,1,1,1,0,1,0,1,0,0,0,0.34375
1,0,1,1,1,0,1,0,1,0,1,1,0.5
1,0,1,1,1,0,1,0,1,1,0,1,0.5
1,0,1,1,1,0,1,0,1,1,1,0,0.363281
1,0,1,1,1,0,1,1,0,0,0,0,0.34375
1,0,1,1,1,0,1,1,0,0,1,1,0.5
1,0,1,1,1,0,1,1,0,1,0,1,0.5
1,0,1,1,1,0,1,1,0,1,1,0,0.363281
1,0,1,1,1,0,1,1,1,0,0,1,0.5
1,0,1,1,1,0,1,1,1,0,1,0,0.363281
1,0,1,1,1,0,1,1,1,1,0,0,0.363281
1,0,1,1,1,0,1,1,1,1,1,1,0.5
1,0,1,1,1,1,0,0,0,0,0,1,0.5
1,0,1,1,1,1,0,0,0,0,1,0,0.34375
1,0,1,1,1,1,0,0,0,1,0,0,0.34375
1,0,1,1,1,1,0,0,0,1,1,1,0.5
1,0,1,1,1,1,0,0,1,0,0,0,0.34375
1,0,1,1,1,1,0,0,1,0,1,1,0.5
1,0,1,1,1,1,0,0,1,1,0,1,0.5
1,0,1,1,1,1,0,0,1,1,1,0,0.363281
1,0,1,1,1,1,0,1,0,0,0,0,0.34375
1,0,1,1,1,1,0,1,0,0,1,1,0.5
1,0,1,1,1,1,0,1,0,1,0,1,0.5
1,0,1,1,1,1,0,1,0,1,1,0,0.363281
1,0,1,1,1,1,0,1,1,0,0,1,0.5
1,0,1,1,1,1,0,1,1,0,1,0,0.363281
1,0,1,1,1,1,0,1,1,1,0,0,0.363281
1,0,1,1,1,1,0,1,1,1,1,1,0.5
1,0,1,1,1,1,1,0,0,0,0,0,0.34375
1,0,1,1,1,1,1,0,0,0,1,1,0.5
1,0,1,1,1,1,1,0,0,1,0,1,0.5
1,0,1,1,1,1,1,0,0,1,1,0,0.363281
1,0,1,1,1,1,1,0,1,0,0,1,0.5
1,0,1,1,1,1,1,0,1,0,1,0,0.363281
1,0,1,1,1,1,1,0,1,1,0,0,0.363281
1,0,1,1,1,1,1,0,1,1,1,1,0.5
1,0,1,1,1,1,1,1,0,0,0,1,0.5
1,0,1,1,1,1,1,1,0,0,1,0,0.363281
1,0,1,1,1,1,1,1,0,1,0,0,0.363281
1,0,1,1,1,1,1,1,0,1,1,1,0.5
1,0,1,1,1,1,1,1,1,0,0,0,0.363281
1,0,1,1,1,1,1,1,1,0,1,1,0.5
1,0,1,1,1,1,1,1,1,1,0,1,0.5
1,0,1,1,1,1,1,1,1,1,1,0,0.376953
1,1,0,0,0,0,0,0,0,0,0,0,0.25
1,1,0,0,0,0,0,0,0,0,1,1,0.5
1,1,0,0,0,0,0,0,0,1,0,1,0.5
1,1,0,0,0,0,0,0,0,1,1,0,0.3125
1,1,0,0,0,0,0,0,1,0,0,1,0.5
1,1,0,0,0,0,0,0,1,0,1,0,0.3125
1,1,0,0,0,0,0,0,1,1,0,0,0.3125
1,1,0,0,0,0,0,0,1,1,1,1,0.5
1,1,0,0,0,0,0,1,0,0,0,1,0.5
1,1,0,0,0,0,0,1,0,0,1,0,0.3125
1,1,0,0,0,0,0,1,0,1,0,0,0.3125
1,1,0,0,0,0,0,1,0,1,1,1,0.5
1,1,0,0,0,0,0,1,1,0,0,0,0.3125
1,1,0,0,0,0,0,1,1,0,1,1,0.5
1,1,0,0,0,0,0,1,1,1,0,1,0.5
1,1,0,0,0,0,0,1,1,1,1,0,0.34375
1,1,0,0,0,0,1,0,0,0,0,1,0.5
1,1,0,0,0,0,1,0,0,0,1,0,0.3125
1,1,0,0,0,0,1,0,0,1,0,0,0.3125
1,1,0,0,0,0,1,0,0,1,1,1,0.5
1,1,0,0,0,0,1,0,1,0,0,0,0.3125
1,1,0,0,0,0,1,0,1,0,1,1,0.5
1,1,0,0,0,0,1,0,1,1,0,1,0.5
1,1,0,0,0,0,1,0,1,1,1,0,0.34375
1,1,0,0,0,0,1,1,0,0,0,0,0.3125
1,1,0,0,0,0,1,1,0,0,1,1,0.5
1,1,0,0,0,0,1,1,0,1,0,1,0.5
1,1,0,0,0,0,1,1,0,1,1,0,0.34375
1,1,0,0,0,0,1,1,1,0,0,1,0.5
1,1,0,0,0,0,1,1,1,0,1,0,0.34375
1,1,0,0,0,0,1,1,1,1,0,0,0.34375
1,1,0,0,0,0,1,1,1,1,1,1,0.5
1,1,0,0,0,1,0,0,0,0,0,1,0.5
1,1,0,0,0,1,0,0,0,0,1,0,0.3125
1,1,0,0,0,1,0,0,0,1,0,0,0.3125
1,1,0,0,0,1,0,0,0,1,1,1,0.5
1,1,0,0,0,1,0,0,1,0,0,0,0.3125
1,1,0,0,0,1,0,0,1,0,1,1,0.5
1,1,0,0,0,1,0,0,1,1,0,1,0.5
1,1,0,0,0,1,0,0,1,1,1,0,0.34375
1,1,0,0,0,1,0,1,0,0,0,0,0.3125
1,1,0,0,0,1,0,1,0,0,1,1,0.5
1,1,0,0,0,1,0,1,0,1,0,1,0.5
1,1,0,0,0,1,0,1,0,1,1,0,0.34375
1,1,0,0,0,1,0,1,1,0,0,1,0.5
1,1,0,0,0,1,0,1,1,0,1,0,0.34375
1,1,0,0,0,1,0,1,1,1,0,0,0.34375
1,1,0,0,0,1,0,1,1,1,1,1,0.5
1,1,0,0,0,1,1,0,0,0,0,0,0.3125
1,1,0,0,0,1,1,0,0,0,1,1,0.5
1,1,0,0,0,1,1,0,0,1,0,1,0.5
1,1,0,0,0,1,1,0,0,1,1,0,0.34375
1,1,0,0,0,1,1,0,1,0,0,1,0.5
1,1,0,0,0,1,1,0,1,0,1,0,0.34375
1,1,0,0,0,1,1,0,1,1,0,0,0.34375
1,1,0,0,0,1,1,0,1,1,1,1,0.5
1,1,0,0,0,1,1,1,0,0,0,1,0.5
1,1,0,0,0,1,1,1,0,0,1,0,0.34375
1,1,0,0,0,1,1,1,0,1,0,0,0.34375
1,1,0,0,0,1,1,1,0,1,1,1,0.5
1,1,0,0,0,1,1,1,1,0,0,0,0.34375
1,1,0,0,0,1,1,1,1,0,1,1,0.5
1,1,0,0,0,1,1,1,1,1,0,1,0.5
1,1,0,0,0,1,1,1,1,1,1,0,0.363281
1,1,0,0,1,0,0,0,0,0,0,1,0.5
1,1,0,0,1,0,0,0,0,0,1,0,0.3125
1,1,0,0,1,0,0,0,0,1,0,0,0.3125
1,1,0,0,1,0,0,0,0,1,1,1,0.5
1,1,0,0,1,0,0,0,1,0,0,0,0.3125
1,1,0,0,1,0,0,0,1,0,1,1,0.5
1,1,0,0,1,0,0,0,1,1,0,1,0.5
1,1,0,0,1,0,0,0,1,1,1,0,0.34375
1,1,0,0,1,0,0,1,0,0,0,0,0.3125
1,1,0,0,1,0,0,1,0,0,1,1,0.5
1,1,0,0,1,0,0,1,0,1,0,1,0.5
1,1,0,0,1,0,0,1,0,1,1,0,0.34375
1,1,0,0,1,0,0,1,1,0,0,1,0.5
1,1,0,0,1,0,0,1,1,0,1,0,0.34375
1,1,0,0,1,0,0,1,1,1,0,0,0.34375
1,1,0,0,1,0,0,1,1,1,1,1,0.5
1,1,0,0,1,0,1,0,0,0,0,0,0.3125
1,1,0,0,1,0,1,0,0,0,1,1,0.5
1,1,0,0,1,0,1,0,0,1,0,1,0.5
1,1,0,0,1,0,1,0,0,1,1,0,0.34375
1,1,0,0,1,0,1,0,1,0,0,1,0.5
1,1,0,0,1,0,1,0,1,0,1,0,0.34375
1,1,0,0,1,0,1,0,1,1,0,0,0.34375
1,1,0,0,1,0,1,0,1,1,1,1,0.5
1,1,0,0,1,0,1,1,0,0,0,1,0.5
1,1,0,0,1,0,1,1,0,0,1,0,0.34375
1,1,0,0,1,0,1,1,0,1,0,0,0.34375
1,1,0,0,1,0,1,1,0,1,1,1,0.5
1,1,0,0,1,0,1,1,1,0,0,0,0.34375
1,1,0,0,1,0,1,1,1,0,1,1,0.5
1,1,0,0,1,0,1,1,1,1,0,1,0.5
1,1,0,0,1,0,1,1,1,1,1,0,0.363281
1,1,0,0,1,1,0,0,0,0,0,0,0.3125
1,1,0,0,1,1,0,0,0,0,1,1,0.5
1,1,0,0,1,1,0,0,0,1,0,1,0.5
1,1,0,0,1,1,0,0,0,1,1,0,0.34375
1,1,0,0,1,1,0,0,1,0,0,1,0.5
1,1,0,0,1,1,0,0,1,0,1,0,0.34375
1,1,0,0,1,1,0,0,1,1,0,0,0.34375
1,1,0,0,1,1,0,0,1,1,1,1,0.5
1,1,0,0,1,1,0,1,0,0,0,1,0.5
1,1,0,0,1,1,0,1,0,0,1,0,0.34375
1,1,0,0,1,1,0,1,0,1,0,0,0.34375
1,1,0,0,1,1,0,1,0,1,1,1,0.5
1,1,0,0,1,1,0,1,1,0,0,0,0.34375
1,1,0,0,1,1,0,1,1,0,1,1,0.5
1,1,0,0,1,1,0,1,1,1,0,1,0.5
1,1,0,0,1,1,0,1,1,1,1,0,0.363281
1,1,0,0,1,1,1,0,0,0,0,1,0.5
1,1,0,0,1,1,1,0,0,0,1,0,0.34375
1,1,0,0,1,1,1,0,0,1,0,0,0.34375
1,1,0,0,1,1,1,0,0,1,1,1,0.5
1,1,0,0,1,1,1,0,1,0,0,0,0.34375
1,1,0,0,1,1,1,0,1,0,1,1,0.5
1,1,0,0,1,1,1,0,1,1,0,1,0.5
1,1,0,0,1,1,1,0,1,1,1,0,0.363281
1,1,0,0,1,1,1,1,0,0,0,0,0.34375
1,1,0,0,1,1,1,1,0,0,1,1,0.5
1,1,0,0,1,1,1,1,0,1,0,1,0.5
1,1,0,0,1,1,1,1,0,1,1,0,0.363281
1,1,0,0,1,1,1,1,1,0,0,1,0.5
1,1,0,0,1,1,1,1,1,0,1,0,0.363281
1,1,0,0,1,1,1,1,1,1,0,0,0.363281
1,1,0,0,1,1,1,1,1,1,1,1,0.5
1,1,0,1,0,0,0,0,0,0,0,1,0.5
1,1,0,1,0,0,0,0,0,0,1,0,0.3125
1,1,0,1,0,0,0,0,0,1,0,0,0.3125
1,1,0,1,0,0,0,0,0,1,1,1,0.5
1,1,0,1,0,0,0,0,1,0,0,0,0.3125
1,1,0,1,0,0,0,0,1,0,1,1,0.5
1,1,0,1,0,0,0,0,1,1,0,1,0.5
1,1,0,1,0,0,0,0,1,1,1,0,0.34375
1,1,0,1,0,0,0,1,0,0,0,0,0.3125
1,1,0,1,0,0,0,1,0,0,1,1,0.5
1,1,0,1,0,0,0,1,0,1,0,1,0.5
1,1,0,1,0,0,0,1,0,1,1,0,0.34375
1,1,0,1,0,0,0,1,1,0,0,1,0.5
1,1,0,1,0,0,0,1,1,0,1,0,0.34375
1,1,0,1,0,0,0,1,1,1,0,0,0.34375
1,1,0,1,0,0,0,1,1,1,1,1,0.5
1,1,0,1,0,0,1,0,0,0,0,0,0.3125
1,1,0,1,0,0,1,0,0,0,1,1,0.5
1,1,0,1,0,0,1,0,0,1,0,1,0.5
1,1,0,1,0,0,1,0,0,1,1,0,0.34375
1,1,0,1,0,0,1,0,1,0,0,1,0.5
1,1,0,1,0,0,1,0,1,0,1,0,0.34375
1,1,0,1,0,0,1,0,1,1,0,0,0.34375
1,1,0,1,0,0,1,0,1,1,1,1,0.5
1,1,0,1,0,0,1,1,0,0,0,1,0.5
1,1,0,1,0,0,1,1,0,0,1,0,0.34375
1,1,0,1,0,0,1,1,0,1,0,0,0.34375
1,1,0,1,0,0,1,1,0,1,1,1,0.5
1,1,0,1,0,0,1,1,1,0,0,0,0.34375
1,1,0,1,0,0,1,1,1,0,1,1,0.5
1,1,0,1,0,0,1,1,1,1,0,1,0.5
1,1,0,1,0,0,1,1,1,1,1,0,0.363281
1,1,0,1,0,1,0,0,0,0,0,0,0.3125
1,1,0,1,0,1,0,0,0,0,1,1,0.5
1,1,0,1,0,1,0,0,0,1,0,1,0.5
1,1,0,1,0,1,0,0,0,1,1,0,0.34375
1,1,0,1,0,1,0,0,1,0,0,1,0.5
1,1,0,1,0,1,0,0,1,0,1,0,0.34375
1,1,0,1,0,1,0,0,1,1,0,0,0.34375
1,1,0,1,0,1,0,0,1,1,1,1,0.5
1,1,0,1,0,1,0,1,0,0,0,1,0.5
1,1,0,1,0,1,0,1,0,0,1,0,0.34375
1,1,0,1,0,1,0,1,0,1,0,0,0.34375
1,1,0,1,0,1,0,1,0,1,1,1,0.5
1,1,0,1,0,1,0,1,1,0,0,0,0.34375
1,1,0,1,0,1,0,1,1,0,1,1,0.5
1,1,0,1,0,1,0,1,1,1,0,1,0.5
1,1,0,1,0,1,0,1,1,1,1,0,0.363281
1,1,0,1,0,1,1,0,0,0,0,1,0.5
1,1,0,1,0,1,1,0,0,0,1,0,0.34375
1,1,0,1,0,1,1,0,0,1,0,0,0.34375
1,1,0,1,0,1,1,0,0,1,1,1,0.5
1,1,0,1,0,1,1,0,1,0,0,0,0.34375
1,1,0,1,0,1,1,0,1,0,1,1,0.5
1,1,0,1,0,1,1,0,1,1,0,1,0.5
1,1,0,1,0,1,1,0,1,1,1,0,0.363281
1,1,0,1,0,1,1,1,0,0,0,0,0.34375
1,1,0,1,0,1,1,1,0,0,1,1,0.5
1,1,0,1,0,1,1,1,0,1,0,1,0.5
1,1,0,1,0,1,1,1,0,1,1,0,0.363281
1,1,0,1,0,1,1,1,1,0,0,1,0.5
1,1,0,1,0,1,1,1,1,0,1,0,0.363281
1,1,0,1,0,1,1,1,1,1,0,0,0.363281
1,1,0,1,0,1,1,1,1,1,1,1,0.5
1,1,0,1,1,0,0,0,0,0,0,0,0.3125
1,1,0,1,1,0,0,0,0,0,1,1,0.5
1,1,0,1,1,0,0,0,0,1,0,1,0.5
1,1,0,1,1,0,0,0,0,1,1,0,0.34375
1,1,0,1,1,0,0,0,1,0,0,1,0.5
1,1,0,1,1,0,0,0,1,0,1,0,0.34375
1,1,0,1,1,0,0,0,1,1,0,0,0.34375
1,1,0,1,1,0,0,0,1,1,1,1,0.5
1,1,0,1,1,0,0,1,0,0,0,1,0.5
1,1,0,1,1,0,0,1,0,0,1,0,0.34375
1,1,0,1,1,0,0,1,0,1,0,0,0.34375
1,1,0,1,1,0,0,1,0,1,1,1,0.5
1,1,0,1,1,0,0,1,1,0,0,0,0.34375
1,1,0,1,1,0,0,1,1,0,1,1,0.5
1,1,0,1,1,0,0,1,1,1,0,1,0.5
1,1,0,1,1,0,0,1,1,1,1,0,0.363281
1,1,0,1,1,0,1,0,0,0,0,1,0.5
1,1,0,1,1,0,1,0,0,0,1,0,0.34375
1,1,0,1,1,0,1,0,0,1,0,0,0.34375
1,1,0,1,1,0,1,0,0,1,1,1,0.5
1,1,0,1,1,0,1,0,1,0,0,0,0.34375
1,1,0,1,1,0,1,0,1,0,1,1,0.5
1,1,0,1,1,0,1,0,1,1,0,1,0.5
1,1,0,1,1,0,1,0,1,1,1,0,0.363281
1,1,0,1,1,0,1,1,0,0,0,0,0.34375
1,1,0,1,1,0,1,1,0,0,1,1,0.5
1,1,0,1,1,0,1,1,0,1,0,1,0.5
1,1,0,1,1,0,1,1,0,1,1,0,0.363281
1,1,0,1,1,0,1,1,1,0,0,1,0.5
1,1,0,1,1,0,1,1,1,0,1,0,0.363281
1,1,0,1,1,0,1,1,1,1,0,0,0.363281
1,1,0,1,1,0,1,1,1,1,1,1,0.5
1,1,0,1,1,1,0,0,0,0,0,1,0.5
1,1,0,1,1,1,0,0,0,0,1,0,0.34375
1,1,0,1,1,1,0,0,0,1,0,0,0.34375
1,1,0,1,1,1,0,0,0,1,1,1,0.5
1,1,0,1,1,1,0,0,1,0,0,0,0.34375
1,1,0,1,1,1,0,0,1,0,1,1,0.5
1,1,0,1,1,1,0,0,1,1,0,1,0.5
1,1,0,1,1,1,0,0,1,1,1,0,0.363281
1,1,0,1,1,1,0,1,0,0,0,0,0.34375
1,1,0,1,1,1,0,1,0,0,1,1,0.5
1,1,0,1,1,1,0,1,0,1,0,1,0.5
1,1,0,1,1,1,0,1,0,1,1,0,0.363281
1,1,0,1,1,1,0,1,1,0,0,1,0.5
1,1,0,1,1,1,0,1,1,0,1,0,0.363281
1,1,0,1,1,1,0,1,1,1,0,0,0.363281
1,1,0,1,1,1,0,1,1,1,1,1,0.5
1,1,0,1,1,1,1,0,0,0,0,0,0.34375
1,1,0,1,1,1,1,0,0,0,1,1,0.5
1,1,0,1,1,1,1,0,0,1,0,1,0.5
1,1,0,1,1,1,1,0,0,1,1,0,0.363281
1,1,0,1,1,1,1,0,1,0,0,1,0.5
1,1,0,1,1,1,1,0,1,0,1,0,0.363281
1,1,0,1,1,1,1,0,1,1,0,0,0.363281
1,1,0,1,1,1,1,0,1,1,1,1,0.5
1,1,0,1,1,1,1,1,0,0,0,1,0.5
1,1,0,1,1,1,1,1,0,0,1,0,0.363281
1,1,0,1,1,1,1,1,0,1,0,0,0.363281
1,1,0,1,1,1,1,1,0,1,1,1,0.5
1,1,0,1,1,1,1,1,1,0,0,0,0.363281
1,1,0,1,1,1,1,1,1,0,1,1,0.5
1,1,0,1,1,1,1,1,1,1,0,1,0.5
1,1,0,1,1,1,1,1,1,1,1,0,0.376953
1,1,1,0,0,0,0,0,0,0,0,1,0.5
1,1,1,0,0,0,0,0,0,0,1,0,0.3125
1,1,1,0,0,0,0,0,0,1,0,0,0.3125
1,1,1,0,0,0,0,0,0,1,1,1,0.5
1,1,1,0,0,0,0,0,1,0,0,0,0.3125
1,1,1,0,0,0,0,0,1,0,1,1,0.5
1,1,1,0,0,0,0,0,1,1,0,1,0.5
1,1,1,0,0,0,0,0,1,1,1,0,0.34375
1,1,1,0,0,0,0,1,0,0,0,0,0.3125
1,1,1,0,0,0,0,1,0,0,1,1,0.5
1,1,1,0,0,0,0,1,0,1,0,1,0.5
1,1,1,0,0,0,0,1,0,1,1,0,0.34375
1,1,1,0,0,0,0,1,1,0,0,1,0.5
1,1,1,0,0,0,0,1,1,0,1,0,0.34375
1,1,1,0,0,0,0,1,1,1,0,0,0.34375
1,1,1,0,0,0,0,1,1,1,1,1,0.5
1,1,1,0,0,0,1,0,0,0,0,0,0.3125
1,1,1,0,0,0,1,0,0,0,1,1,0.5
1,1,1,0,0,0,1,0,0,1,0,1,0.5
1,1,1,0,0,0,1,0,0,1,1,0,0.34375
1,1,1,0,0,0,1,0,1,0,0,1,0.5
1,1,1,0,0,0,1,0,1,0,1,0,0.34375
1,1,1,0,0,0,1,0,1,1,0,0,0.34375
1,1,1,0,0,0,1,0,1,1,1,1,0.5
1,1,1,0,0,0,1,1,0,0,0,1,0.5
1,1,1,0,0,0,1,1,0,0,1,0,0.34375
1,1,1,0,0,0,1,1,0,1,0,0,0.34375
1,1,1,0,0,0,1,1,0,1,1,1,0.5
1,1,1,0,0,0,1,1,1,0,0,0,0.34375
1,1,1,0,0,0,1,1,1,0,1,1,0.5
1,1,1,0,0,0,1,1,1,1,0,1,0.5
1,1,1,0,0,0,1,1,1,1,1,0,0.363281
1,1,1,0,0,1,0,0,0,0,0,0,0.3125
1,1,1,0,0,1,0,0,0,0,1,1,0.5
1,1,1,0,0,1,0,0,0,1,0,1,0.5
1,1,1,0,0,1,0,0,0,1,1,0,0.34375
1,1,1,0,0,1,0,0,1,0,0,1,0.5
1,1,1,0,0,1,0,0,1,0,1,0,0.34375
1,1,1,0,0,1,0,0,1,1,0,0,0.34375
1,1,1,0,0,1,0,0,1,1,1,1,0.5
1,1,1,0,0,1,0,1,0,0,0,1,0.5
1,1,1,0,0,1,0,1,0,0,1,0,0.34375
1,1,1,0,0,1,0,1,0,1,0,0,0.34375
1,1,1,0,0,1,0,1,0,1,1,1,0.5
1,1,1,0,0,1,0,1,1,0,0,0,0.34375
1,1,1,0,0,1,0,1,1,0,1,1,0.5
1,1,1,0,0,1,0,1,1,1,0,1,0.5
1,1,1,0,0,1,0,1,1,1,1,0,0.363281
1,1,1,0,0,1,1,0,0,0,0,1,0.5
1,1,1,0,0,1,1,0,0,0,1,0,0.34375
1,1,1,0,0,1,1,0,0,1,0,0,0.34375
1,1,1,0,0,1,1,0,0,1,1,1,0.5
1,1,1,0,0,1,1,0,1,0,0,0,0.34375
1,1,1,0,0,1,1,0,1,0,1,1,0.5
1,1,1,0,0,1,1,0,1,1,0,1,0.5
1,1,1,0,0,1,1,0,1,1,1,0,0.363281
1,1,1,0,0,1,1,1,0,0,0,0,0.34375
1,1,1,0,0,1,1,1,0,0,1,1,0.5
1,1,1,0,0,1,1,1,0,1,0,1,0.5
1,1,1,0,0,1,1,1,0,1,1,0,0.363281
1,1,1,0,0,1,1,1,1,0,0,1,0.5
1,1,1,0,0,1,1,1,1,0,1,0,0.363281
1,1,1,0,0,1,1,1,1,1,0,0,0.363281
1,1,1,0,0,1,1,1,1,1,1,1,0.5
1,1,1,0,1,0,0,0,0,0,0,0,0.3125
1,1,1,0,1,0,0,0,0,0,1,1,0.5
1,1,1,0,1,0,0,0,0,1,0,1,0.5
1,1,1,0,1,0,0,0,0,1,1,0,0.34375
1,1,1,0,1,0,0,0,1,0,0,1,0.5
1,1,1,0,1,0,0,0,1,0,1,0,0.34375
1,1,1,0,1,0,0,0,1,1,0,0,0.34375
1,1,1,0,1,0,0,0,1,1,1,1,0.5
1,1,1,0,1,0,0,1,0,0,0,1,0.5
1,1,1,0,1,0,0,1,0,0,1,0,0.34375
1,1,1,0,1,0,0,1,0,1,0,0,0.34375
1,1,1,0,1,0,0,1,0,1,1,1,0.5
1,1,1,0,1,0,0,1,1,0,0,0,0.34375
1,1,1,0,1,0,0,1,1,0,1,1,0.5
1,1,1,0,1,0,0,1,1,1,0,1,0.5
1,1,1,0,1,0,0,1,1,1,1,0,0.363281
1,1,1,0,1,0,1,0,0,0,0,1,0.5
1,1,1,0,1,0,1,0,0,0,1,0,0.34375
1,1,1,0,1,0,1,0,0,1,0,0,0.34375
1,1,1,0,1,0,1,0,0,1,1,1,0.5
1,1,1,0,1,0,1,0,1,0,0,0,0.34375
1,1,1,0,1,0,1,0,1,0,1,1,0.5
1,1,1,0,1,0,1,0,1,1,0,1,0.5
1,1,1,0,1,0,1,0,1,1,1,0,0.363281
1,1,1,0,1,0,1,1,0,0,0,0,0.34375
1,1,1,0,1,0,1,1,0,0,1,1,0.5
1,1,1,0,1,0,1,1,0,1,0,1,0.5
1,1,1,0,1,0,1,1,0,1,1,0,0.363281
1,1,1,0,1,0,1,1,1,0,0,1,0.5
1,1,1,0,1,0,1,1,1,0,1,0,0.363281
1,1,1,0,1,0,1,1,1,1,0,0,0.363281
1,1,1,0,1,0,1,1,1,1,1,1,0.5
1,1,1,0,1,1,0,0,0,0,0,1,0.5
1,1,1,0,1,1,0,0,0,0,1,0,0.34375
1,1,1,0,1,1,0,0,0,1,0,0,0.34375
1,1,1,0,1,1,0,0,0,1,1,1,0.5
1,1,1,0,1,1,0,0,1,0,0,0,0.34375
1,1,1,0,1,1,0,0,1,0,1,1,0.5
1,1,1,0,1,1,0,0,1,1,0,1,0.5
1,1,1,0,1,1,0,0,1,1,1,0,0.363281
1,1,1,0,1,1,0,1,0,0,0,0,0.34375
1,1,1,0,1,1,0,1,0,0,1,1,0.5
1,1,1,0,1,1,0,1,0,1,0,1,0.5
1,1,1,0,1,1,0,1,0,1,1,0,0.363281
1,1,1,0,1,1,0,1,1,0,0,1,0.5
1,1,1,0,1,1,0,1,1,0,1,0,0.363281
1,1,1,0,1,1,0,1,1,1,0,0,0.363281
1,1,1,0,1,1,0,1,1,1,1,1,0.5
1,1,1,0,1,1,1,0,0,0,0,0,0.34375
1,1,1,0,1,1,1,0,0,0,1,1,0.5
1,1,1,0,1,1,1,0,0,1,0,1,0.5
1,1,1,0,1,1,1,0,0,1,1,0,0.363281
1,1,1,0,1,1,1,0,1,0,0,1,0.5
1,1,1,0,1,1,1,0,1,0,1,0,0.363281
1,1,1,0,1,1,1,0,1,1,0,0,0.363281
1,1,1,0,1,1,1,0,1,1,1,1,0.5
1,1,1,0,1,1,1,1,0,0,0,1,0.5
1,1,1,0,1,1,1,1,0,0,1,0,0.363281
1,1,1,0,1,1,1,1,0,1,0,0,0.363281
1,1,1,0,1,1,1,1,0,1,1,1,0.5
1,1,1,0,1,1,1,1,1,0,0,0,0.363281
1,1,1,0,1,1,1,1,1,0,1,1,0.5
1,1,1,0,1,1,1,1,1,1,0,1,0.5
1,1,1,0,1,1,1,1,1,1,1,0,0.376953
1,1,1,1,0,0,0,0,0,0,0,0,0.3125
1,1,1,1,0,0,0,0,0,0,1,1,0.5
1,1,1,1,0,0,0,0,0,1,0,1,0.5
1,1,1,1,0,0,0,0,0,1,1,0,0.34375
1,1,1,1,0,0,0,0,1,0,0,1,0.5
1,1,1,1,0,0,0,0,1,0,1,0,0.34375
1,1,1,1,0,0,0,0,1,1,0,0,0.34375
1,1,1,1,0,0,0,0,1,1,1,1,0.5
1,1,1,1,0,0,0,1,0,0,0,1,0.5
1,1,1,1,0,0,0,1,0,0,1,0,0.34375
1,1,1,1,0,0,0,1,0,1,0,0,0.34375
1,1,1,1,0,0,0,1,0,1,1,1,0.5
1,1,1,1,0,0,0,1,1,0,0,0,0.34375
1,1,1,1,0,0,0,1,1,0,1,1,0.5
1,1,1,1,0,0,0,1,1,1,0,1,0.5
1,1,1,1,0,0,0,1,1,1,1,0,0.363281
1,1,1,1,0,0,1,0,0,0,0,1,0.5
1,1,1,1,0,0,1,0,0,0,1,0,0.34375
1,1,1,1,0,0,1,0,0,1,0,0,0.34375
1,1,1,1,0,0,1,0,0,1,1,1,0.5
1,1,1,1,0,0,1,0,1,0,0,0,0.34375
1,1,1,1,0,0,1,0,1,0,1,1,0.5
1,1,1,1,0,0,1,0,1,1,0,1,0.5
1,1,1,1,0,0,1,0,1,1,1,0,0.363281
1,1,1,1,0,0,1,1,0,0,0,0,0.34375
1,1,1,1,0,0,1,1,0,0,1,1,0.5
1,1,1,1,0,0,1,1,0,1,0,1,0.5
1,1,1,1,0,0,1,1,0,1,1,0,0.363281
1,1,1,1,0,0,1,1,1,0,0,1,0.5
1,1,1,1,0,0,1,1,1,0,1,0,0.363281
1,1,1,1,0,0,1,1,1,1,0,0,0.363281
1,1,1,1,0,0,1,1,1,1,1,1,0.5
1,1,1,1,0,1,0,0,0,0,0,1,0.5
1,1,1,1,0,1,0,0,0,0,1,0,0.34375
1,1,1,1,0,1,0,0,0,1,0,0,0.34375
1,1,1,1,0,1,0,0,0,1,1,1,0.5
1,1,1,1,0,1,0,0,1,0,0,0,0.34375
1,1,1,1,0,1,0,0,1,0,1,1,0.5
1,1,1,1,0,1,0,0,1,1,0,1,0.5
1,1,1,1,0,1,0,0,1,1,1,0,0.363281
1,1,1,1,0,1,0,1,0,0,0,0,0.34375
1,1,1,1,0,1,0,1,0,0,1,1,0.5
1,1,1,1,0,1,0,1,0,1,0,1,0.5
1,1,1,1,0,1,0,1,0,1,1,0,0.363281
1,1,1,1,0,1,0,1,1,0,0,1,0.5
1,1,1,1,0,1,0,1,1,0,1,0,0.363281
1,1,1,1,0,1,0,1,1,1,0,0,0.363281
1,1,1,1,0,1,0,1,1,1,1,1,0.5
1,1,1,1,0,1,1,0,0,0,0,0,0.34375
1,1,1,1,0,1,1,0,0,0,1,1,0.5
1,1,1,1,0,1,1,0,0,1,0,1,0.5
1,1,1,1,0,1,1,0,0,1,1,0,0.363281
1,1,1,1,0,1,1,0,1,0,0,1,0.5
1,1,1,1,0,1,1,0,1,0,1,0,0.363281
1,1,1,1,0,1,1,0,1,1,0,0,0.363281
1,1,1,1,0,1,1,0,1,1,1,1,0.5
1,1,1,1,0,1,1,1,0,0,0,1,0.5
1,1,1,1,0,1,1,1,0,0,1,0,0.363281
1,1,1,1,0,1,1,1,0,1,0,0,0.363281
1,1,1,1,0,1,1,1,0,1,1,1,0.5
1,1,1,1,0,1,1,1,1,0,0,0,0.363281
1,1,1,1,0,1,1,1,1,0,1,1,0.5
1,1,1,1,0,1,1,1,1,1,0,1,0.5
1,1,1,1,0,1,1,1,1,1,1,0,0.376953
1,1,1,1,1,0,0,0,0,0,0,1,0.5
1,1,1,1,1,0,0,0,0,0,1,0,0.34375
1,1,1,1,1,0,0,0,0,1,0,0,0.34375
1,1,1,1,1,0,0,0,0,1,1,1,0.5
1,1,1,1,1,0,0,0,1,0,0,0,0.34375
1,1,1,1,1,0,0,0,1,0,1,1,0.5
1,1,1,1,1,0,0,0,1,1,0,1,0.5
1,1,1,1,1,0,0,0,1,1,1,0,0.363281
1,1,1,1,1,0,0,1,0,0,0,0,0.34375
1,1,1,1,1,0,0,1,0,0,1,1,0.5
1,1,1,1,1,0,0,1,0,1,0,1,0.5
1,1,1,1,1,0,0,1,0,1,1,0,0.363281
1,1,1,1,1,0,0,1,1,0,0,1,0.5
1,1,1,1,1,0,0,1,1,0,1,0,0.363281
1,1,1,1,1,0,0,1,1,1,0,0,0.363281
1,1,1,1,1,0,0,1,1,1,1,1,0.5
1,1,1,1,1,0,1,0,0,0,0,0,0.34375
1,1,1,1,1,0,1,0,0,0,1,1,0.5
1,1,1,1,1,0,1,0,0,1,0,1,0.5
1,1,1,1,1,0,1,0,0,1,1,0,0.363281
1,1,1,1,1,0,1,0,1,0,0,1,0.5
1,1,1,1,1,0,1,0,1,0,1,0,0.363281
1,1,1,1,1,0,1,0,1,1,0,0,0.363281
1,1,1,1,1,0,1,0,1,1,1,1,0.5
1,1,1,1,1,0,1,1,0,0,0,1,0.5
1,1,1,1,1,0,1,1,0,0,1,0,0.363281
1,1,1,1,1,0,1,1,0,1,0,0,0.363281
1,1,1,1,1,0,1,1,0,1,1,1,0.5
1,1,1,1,1,0,1,1,1,0,0,0,0.363281
1,1,1,1,1,0,1,1,1,0,1,1,0.5
1,1,1,1,1,0,1,1,1,1,0,1,0.5
1,1,1,1,1,0,1,1,1,1,1,0,0.376953
1,1,1,1,1,1,0,0,0,0,0,0,0.34375
1,1,1,1,1,1,0,0,0,0,1,1,0.5
1,1,1,1,1,1,0,0,0,1,0,1,0.5
1,1,1,1,1,1,0,0,0,1,1,0,0.363281
1,1,1,1,1,1,0,0,1,0,0,1,0.5
1,1,1,1,1,1,0,0,1,0,1,0,0.363281
1,1,1,1,1,1,0,0,1,1,0,0,0.363281
1,1,1,1,1,1,0,0,1,1,1,1,0.5
1,1,1,1,1,1,0,1,0,0,0,1,0.5
1,1,1,1,1,1,0,1,0,0,1,0,0.363281
1,1,1,1,1,1,0,1,0,1,0,0,0.363281
1,1,1,1,1,1,0,1,0,1,1,1,0.5
1,1,1,1,1,1,0,1,1,0,0,0,0.363281
1,1,1,1,1,1,0,1,1,0,1,1,0.5
1,1,1,1,1,1,0,1,1,1,0,1,0.5
1,1,1,1,1,1,0,1,1,1,1,0,0.376953
1,1,1,1,1,1,1,0,0,0,0,1,0.5
1,1,1,1,1,1,1,0,0,0,1,0,0.363281
1,1,1,1,1,1,1,0,0,1,0,0,0.363281
1,1,1,1,1,1,1,0,0,1,1,1,0.5
1,1,1,1,1,1,1,0,1,0,0,0,0.363281
1,1,1,1,1,1,1,0,1,0,1,1,0.5
1,1,1,1,1,1,1,0,1,1,0,1,0.5
1,1,1,1,1,1,1,0,1,1,1,0,0.376953
1,1,1,1,1,1,1,1,0,0,0,0,0.363281
1,1,1,1,1,1,1,1,0,0,1,1,0.5
1,1,1,1,1,1,1,1,0,1,0,1,0.5
1,1,1,1,1,1,1,1,0,1,1,0,0.376953
1,1,1,1,1,1,1,1,1,0,0,1,0.5
1,1,1,1,1,1,1,1,1,0,1,0,0.376953
1,1,1,1,1,1,1,1,1,1,0,0,0.376953
1,1,1,1,1,1,1,1,1,1,1,1,0.5
